beach,date,team,start.time,end.time,latitude,longitude,sea_region,location,land,beach_dir,beach_orientation,survey_count,substrate,sea_strength,tide,wind_dir,wind_strength,rain,rain_strength,season,survey_length..m.,comments,field.notes,picture,accessibility,bags,clean.bag.1,count.bag.1,weigh.bag.1,clean.bag.2,count.bag.2,weigh.bag.2,clean.bag.3,count.bag.3,weight.bag.3,X01_plastic_yokes,X03_plastic_bagEnds,X01_plastic_pooBag,X01_plastic_bags,X02_plastic_bagsMesh,X01_plastic_bagsSmall,X03_plastic_bottlesOther,X02_plastic_bottlesCleaner,X01_plastic_bottlesDrinks,X01_plastic_bottlesToiletries,X03_plastic_buckets,X01_plastic_bottlesLid,X01_plastic_carParts,X01_plastic_lighters,X01_plastic_cigaretteButt,X01_plastic_combsBrushSunglasses,X02_plastic_crates,X01_plastic_cups,X01_polystyrene_cups,X01_plastic_cutleryStrawsTrays,X03_plastic_fertiliser,X03_plastic_fibreglass,X02_plastic_fishbox,X02_polystyrene_fishbox,X02_plastic_fishline,X02_plastic_fishingnetSml,X02_plastic_fishingnetLrg,X02_plastic_buoys,X03_plastic_foamSpongeInsulation,X03_polystyrene_fragmentSml,X03_polystyrene_fragmentMed,X03_polystyrene_fragmentLrg,X01_polystyrene_foodContainer,X01_plastic_foodContainer,X03_plastic_glovesDomestic,X02_plastic_glovesIndustrial,X02_plastic_hardHat,X02_plastic_gunCartridge,X02_plastic_jerryCan,X03_plastic_glowStick,X02_plastic_lobsterFishTag,X02_plastic_lobsterCrabPot,X03_plastic_nurdles,X02_plastic_octopusPot,X02_plastic_oilSml,X02_plastic_oilLrg,X02_plastic_oysterNet,X02_plastic_oysterTray,X02_plastic_packagingIndustrial,X01_plastic_packagingDomestic,X01_plastic_pens,X03_plastic_fragmentSml,X03_plastic_fragmentMed,X03_plastic_fragmentLrg,X02_plastic_tahitians,X01_plastic_shoes,X01_plastic_shotgun,X02_plastic_strappingBand,X02_plastic_RopeStringCordSml,X02_plastic_RopeStringCordLrg,X02_plastic_stringDollyRope,X02_plastic_tangledDollyRope,X02_plastic_tangledRope,X01_plastic_toys,X03_plastic_other,count..rubber_balloons,count..rubber_boots,count..rubber_tyres,count..rubber_tyresFenders,count..rubber_other,count..cloth_clothing,count..cloth_furnishings,count..cloth_sacking,count..cloth_shoes,count..cloth_other,count..paper_bags,count..paper_cardboard,count..paper_cartonsMilk,count..paper_cartonsJuice,count..paper_cigarettePacket,count..paper_cups,count..paper_cottonBud,count..paper_newspaper,count..paper_other,count..wood_corks,count..wood_lobsterCrabPots,count..wood_crates,count..wood_fishbox,count..wood_lollyStick,count..wood_paintBrush,count..wood_pallet,count..wood_otherSml,count..wood_otherLrg,count..metal_sprayCan,count..metal_appliance,count..metal_bbqs,count..metal_canDrink,count..metal_canFood,count..metal_lids,count..metal_fishingHooks,count..metal_foilWrapper,count..metal_lobsterCrabPots,count..metal_oilDrum,count..metal_paintTin,count..metal_scrap,count..metal_wire,count..metal_otherSml,count..metal_otherLrg,count..glass_bottle,count..glass_jar,count..glass_lightBulb,count..glass_other,X01_sanitary_condoms,X01_sanitary_tampons,X01_sanitary_toiletFreshener,X01_sanitary_towels,X01_sanitary_wetWipe,X01_plastic_cottonBud,X01_sanitary_other,X01_medical_containers,X01_medical_facemask,X01_medical_gloves,X01_medical_syringe,X01_medical_other,count..pollutants_paraffinSml,count..pollutants_paraffinMed,count..pollutants_paraffinLrg,count..pollutants_other,count..pottery_construction,count..pottery_octopusPot,count..pottery_other,X04_plastic_yokes,X06_plastic_bagEnds,X04_plastic_pooBag,X04_plastic_bags,X05_plastic_bagsMesh,X04_plastic_bagsSmall,X06_plastic_bottlesOther,X05_plastic_bottlesCleaner,X04_plastic_bottlesDrinks,X04_plastic_bottlesToiletries,X06_plastic_buckets,X04_plastic_bottlesLid,X04_plastic_carParts,X04_plastic_lighters,X04_plastic_cigaretteButt,X04_plastic_combsBrushSunglasses,X05_plastic_crates,X04_plastic_cups,X04_polystyrene_cups,X04_plastic_cutleryStrawsTrays,X06_plastic_fertiliser,X06_plastic_fibreglass,X05_plastic_fishbox,X05_polystyrene_fishbox,X05_plastic_fishline,X05_plastic_fishingnetSml,X05_plastic_fishingnetLrg,X05_plastic_buoys,X06_plastic_foamSpongeInsulation,X06_polystyrene_fragmentSml,X06_polystyrene_fragmentMed,X06_polystyrene_fragmentLrg,X04_polystyrene_foodContainer,X04_plastic_foodContainer,X06_plastic_glovesDomestic,X05_plastic_glovesIndustrial,X05_plastic_hardHat,X05_plastic_gunCartridge,X05_plastic_jerryCan,X06_plastic_glowStick,X05_plastic_lobsterFishTag,X05_plastic_lobsterCrabPot,X06_plastic_nurdles,X05_plastic_octopusPot,X05_plastic_oilSml,X05_plastic_oilLrg,X05_plastic_oysterNet,X05_plastic_oysterTray,X05_plastic_packagingIndustrial,X04_plastic_packagingDomestic,X04_plastic_pens,X06_plastic_fragmentSml,X06_plastic_fragmentMed,X06_plastic_fragmentLrg,X05_plastic_tahitians,X04_plastic_shoes,X04_plastic_shotgun,X05_plastic_strappingBand,X05_plastic_RopeStringCordSml,X05_plastic_RopeStringCordLrg,X05_plastic_stringDollyRope,X05_plastic_tangledDollyRope,X05_plastic_tangledRope,X04_plastic_toys,X06_plastic_other,weight..rubber_balloons,weight..rubber_boots,weight..rubber_tyres,weight..rubber_tyresFenders,weight..rubber_other,weight..cloth_clothing,weight..cloth_furnishings,weight..cloth_sacking,weight..cloth_shoes,weight..cloth_other,weight..paper_bags,weight..paper_cardboard,weight..paper_cartonsMilk,weight..paper_cartonsJuice,weight..paper_cigarettePacket,weight..paper_cups,weight..paper_cottonBud,weight..paper_newspaper,weight..paper_other,weight..wood_corks,weight..wood_lobsterCrabPots,weight..wood_crates,weight..wood_fishbox,weight..wood_lollyStick,weight..wood_paintBrush,weight..wood_pallet,weight..wood_otherSml,weight..wood_otherLrg,weight..metal_sprayCan,weight..metal_appliance,weight..metal_bbqs,weight..metal_canDrink,weight..metal_canFood,weight..metal_lids,weight..metal_fishingHooks,weight..metal_foilWrapper,weight..metal_lobsterCrabPots,weight..metal_oilDrum,weight..metal_paintTin,weight..metal_scrap,weight..metal_wire,weight..metal_otherSml,weight..metal_otherLrg,weight..glass_bottle,weight..glass_jar,weight..glass_lightBulb,weight..glass_other,X04_sanitary_condoms,X04_sanitary_tampons,X04_sanitary_toiletFreshener,X04_sanitary_towels,X04_sanitary_wetWipe,X04_plastic_cottonBud,X04_sanitary_other,X04_medical_containers,X04_medical_facemask,X04_medical_gloves,X04_medical_syringe,X04_medical_other,weight..pollutants_paraffinSml,weight..pollutants_paraffinMed,weight..pollutants_paraffinLrg,weight..pollutants_other,weight..pottery_construction,weight..pottery_octopusPot,weight..pottery_other,total_count,total_plasticCount,total_count.100,total_plasticCount.100,land_plasticCount,marine_plasticCount,unk_plasticCount,land_plasticCount.100,marine_plasticCount.100,unk_plasticCount.100,total_weight.g.,total_plasticWeight.g.,total_weight.g..100,total_plasticWeight.g..100,land_plasticWeight.g.,marine_plasticWeight.g.,unk_plasticWeight.g.,land_plasticWeight.g..100,marine_plasticWeight.g..100,unk_plasticWeight.g..100,nonremoveable_creelPot,nonremoveable_buriedCreelPot,nonremoveable_rope,nonremoveable_buriedRope,nonremoveable_fishingLine,nonremoveable_buriedFishingLine,nonremoveable_container,nonremoveable_buriedContanier,nonremoveable_tyre,nonremoveable_other,nonremoveable_nonidentifyable,comments.1
Lunderston Bay,24/09/2022,"NA, PD",09:15,09:45,55.931,-4.8768,Firth of Clyde,River Clyde,Mainland,SW,Windward,2,Soft Sand,Calm,Low,,,No,NA,Autumn,100,Small tiny fragments mostly caught in the sea weed ,,Yes,easy,1,24/09/2022,17/02/2023,17/02/2023,,,,,,,0,0,0,0,0,1,0,0,0,0,0,5,0,0,3,0,0,0,0,2,0,0,0,0,0,2,0,0,0,5,0,0,0,1,0,0,0,0,0,0,0,0,0,0,0,0,0,0,0,37,0,6,12,0,0,3,1,1,0,0,0,0,0,0,1,0,0,0,0,0,0,0,0,0,0,0,0,0,0,0,0,0,0,0,0,0,0,0,0,0,0,0,0,0,0,0,0,0,1,0,0,0,0,0,0,0,2,0,0,0,0,0,0,0,0,2,3,0,0,0,0,0,0,0,0,0,0,0,0,0,0,NA,NA,NA,NA,NA,0.4,NA,NA,NA,NA,NA,3.4,NA,NA,1.2,NA,NA,NA,NA,1,NA,NA,NA,NA,NA,1.4,NA,NA,NA,0.4,NA,NA,NA,21,NA,NA,NA,NA,NA,NA,NA,NA,NA,NA,NA,NA,NA,NA,NA,6.4,0.4,9.8,NA,NA,NA,34.8,0.2,0.8,NA,NA,NA,NA,NA,NA,0.6,NA,NA,NA,NA,NA,NA,NA,NA,NA,NA,NA,NA,NA,NA,NA,NA,NA,NA,NA,NA,NA,NA,NA,NA,NA,NA,NA,NA,NA,NA,NA,NA,NA,5.4,NA,NA,NA,NA,NA,NA,NA,0.2,NA,NA,NA,NA,NA,NA,NA,NA,2.4,8.2,NA,NA,NA,NA,NA,NA,NA,NA,NA,NA,NA,NA,NA,NA,88,85,88,85,58,3,24,58,3,24,98,92.4,98,92.4,79.4,2.2,10.8,79.4,2.2,10.8,NA,NA,NA,NA,NA,NA,NA,NA,NA,NA,NA,
Lunderston Bay,20/11/2022,"NA, PD",11:15,12:00,55.931,-4.8768,Firth of Clyde,River Clyde,Mainland,SW,Windward,2,Soft Sand,Medium,Low,onshore,Strong,Yes,Heavy,Winter,100,Lots of seaweed washed up and plastics trapped ,,Yes,easy,2,20/11/2022,26/01/2023,26/01/2023,20/11/2022,27/01/2023,27/01/2023,,,,0,2,1,1,0,2,2,1,14,4,1,132,0,2,0,0,0,13,1,11,0,0,3,0,2,40,2,0,0,2,6,0,0,15,1,0,0,0,0,0,0,0,0,0,0,0,0,0,65,294,7,38,98,0,0,1,6,7,36,9,0,0,6,6,19,6,0,0,0,1,0,0,0,0,0,0,0,0,0,0,0,0,0,0,0,0,0,0,0,0,0,3,0,0,0,0,5,0,0,0,0,0,0,0,0,0,0,0,0,2,0,0,0,21,0,7,20,0,0,0,5,0,0,0,0,0,0,0,0,0,0,NA,1.6,2.2,108.2,NA,3.4,13.6,32.8,225.6,31,59,199,NA,60,NA,NA,NA,48.2,2.4,9.2,NA,NA,35.2,NA,16.2,32.6,218.4,NA,NA,1,21.6,NA,NA,90,23.8,NA,NA,NA,NA,NA,NA,NA,NA,NA,NA,NA,NA,NA,239.2,107,25.2,6.6,441.8,NA,NA,9,17.4,15,48.2,279,NA,NA,34.4,84.2,202.8,3.8,NA,NA,NA,41.2,NA,NA,NA,NA,NA,NA,NA,NA,NA,NA,NA,NA,NA,NA,NA,NA,NA,NA,NA,NA,NA,213.8,NA,NA,NA,NA,78.4,NA,NA,NA,NA,NA,NA,NA,NA,NA,NA,NA,NA,205.6,NA,NA,NA,57.4,NA,10.4,40.4,NA,NA,NA,18.6,NA,NA,NA,NA,NA,NA,NA,NA,NA,NA,920,903,920,903,563,171,169,563,171,169,3414.4,2871.6,3414.4,2871.6,1148.8,951,771.8,1148.8,951,771.8,NA,NA,NA,NA,NA,NA,NA,NA,NA,NA,NA,
Girvan Bay,24/09/2022,"NA, PD",12:20,12:50,55.2416,-4.8604,Firth of Clyde,Clyde,Mainland,SW,Windward,2,Soft Sand,Calm,Low,onshore,Weak,No,NA,Autumn,100,"Touristic, 2 x poo bags ",,Yes,easy,1,24/09/2022,22/02/2023,22/02/2023,,,,,,,0,2,0,1,0,0,0,0,2,0,0,4,0,0,20,0,0,0,0,2,0,0,0,0,0,3,1,0,2,7,7,0,0,0,0,0,0,0,0,0,0,0,0,0,0,0,0,0,3,26,0,14,17,0,0,0,0,0,0,0,0,0,0,0,2,1,0,0,0,0,0,0,0,0,0,0,0,0,0,1,4,0,0,11,0,0,0,0,0,0,0,0,0,0,0,0,0,0,2,0,0,0,0,0,0,0,0,0,0,0,0,0,0,0,0,0,1,0,0,0,1,0,0,0,0,1,0,0,0,0,2,NA,8,NA,4.2,NA,NA,NA,NA,63.4,NA,NA,11.8,NA,NA,4,NA,NA,NA,NA,1.2,NA,NA,NA,NA,NA,0.6,14,NA,14.8,0.6,1.8,NA,NA,NA,NA,NA,NA,NA,NA,NA,NA,NA,NA,NA,NA,NA,NA,NA,9.8,4.8,NA,2.4,33.6,NA,NA,NA,NA,NA,NA,NA,NA,NA,NA,NA,28,0.6,NA,NA,NA,NA,NA,NA,NA,NA,NA,NA,NA,NA,NA,6,9.8,NA,NA,14,NA,NA,NA,NA,NA,NA,NA,NA,NA,NA,NA,NA,NA,NA,4.2,NA,NA,NA,NA,NA,NA,NA,NA,NA,NA,NA,NA,NA,NA,NA,NA,NA,1.6,NA,NA,NA,3.6,NA,NA,NA,NA,1.8,NA,NA,NA,NA,12.6,137,115,137,115,57,7,51,57,7,51,257.2,208.2,257.2,208.2,94.6,24.4,89.2,94.6,24.4,89.2,NA,NA,NA,NA,NA,NA,NA,NA,NA,NA,NA,
Girvan Bay,20/11/2022,"NA, PD",15:50,16:42,55.2416,-4.8604,Firth of Clyde,Clyde,Mainland,SW,Windward,2,Soft Sand,Medium,Low,onshore,Strong,No,NA,Winter,100,"Seaside town, quiet, could be mostly public litter? ",,Yes,easy,1,20/11/2022,30/11/2022,02/12/2022,,,,,,,0,2,0,0,0,2,0,0,3,0,0,21,0,2,0,0,0,0,0,1,0,0,0,0,0,4,0,0,0,1,1,0,0,1,0,0,0,0,0,0,0,0,0,0,0,0,0,0,5,45,1,29,29,0,0,0,1,1,0,0,0,0,5,4,8,2,0,0,0,0,0,0,0,0,0,0,2,0,0,0,0,0,1,0,0,0,0,0,0,0,0,0,0,0,0,0,0,0,0,0,0,0,0,0,0,0,1,0,0,1,0,0,0,0,0,5,3,0,0,0,0,0,0,0,0,0,0,0,0,0,0,NA,10.2,NA,NA,NA,2.6,NA,NA,87.2,NA,NA,46.2,NA,23.2,NA,NA,NA,NA,NA,4.2,NA,NA,NA,NA,NA,12.9,NA,NA,NA,0.1,0.4,NA,NA,13.4,NA,NA,NA,NA,NA,NA,NA,NA,NA,NA,NA,NA,NA,NA,133.7,26.6,2,11.4,42.8,NA,NA,NA,4.6,26.4,NA,NA,NA,NA,16.1,25.2,44.2,0.8,NA,NA,NA,NA,NA,NA,NA,NA,NA,NA,9.8,NA,NA,NA,NA,NA,0.1,NA,NA,NA,NA,NA,NA,NA,NA,NA,NA,NA,NA,NA,NA,NA,NA,NA,NA,NA,NA,NA,NA,NA,40.2,NA,NA,6,NA,NA,NA,NA,NA,32.8,31,NA,NA,NA,NA,NA,NA,NA,NA,NA,NA,NA,NA,NA,NA,181,174,181,174,89,15,70,89,15,70,654.1,597.2,654.1,597.2,299,189.1,109.1,299,189.1,109.1,NA,NA,NA,NA,NA,NA,NA,NA,NA,NA,NA,
Dunure,24/09/2022,"NA, PD",13:30,13:45,55.4053,-4.7615,Firth of Clyde,Clyde,Mainland,SW,Windward,2,Pebble Sml,Medium,Low,onshore,Weak,No,NA,Autumn,100,"Small port, with fishing boats and tourists nearby ",,Yes,medium,1,24/09/2022,15/02/2023,15/02/2023,,,,,,,0,0,0,0,0,0,0,0,0,0,0,1,0,1,4,0,0,0,0,0,0,0,0,0,2,4,0,0,0,1,0,0,0,0,0,0,0,0,0,0,0,0,0,0,0,0,0,0,0,7,0,3,10,0,0,0,0,0,0,1,5,0,0,0,1,0,0,0,0,0,0,0,0,0,0,0,0,0,0,0,0,0,0,0,0,0,0,0,0,0,0,0,0,0,0,0,0,0,0,0,0,0,0,0,0,0,0,0,0,0,0,0,0,1,0,0,0,0,0,0,0,0,0,1,0,0,0,0,0,0,0,NA,NA,NA,NA,NA,NA,NA,NA,NA,NA,NA,0.4,NA,0.2,0.6,NA,NA,NA,NA,NA,NA,NA,NA,NA,9,1.8,NA,NA,NA,0.6,NA,NA,NA,NA,NA,NA,NA,NA,NA,NA,NA,NA,NA,NA,NA,NA,NA,NA,NA,0.1,34.2,NA,NA,NA,NA,NA,NA,NA,NA,59.6,0.4,NA,NA,NA,1.2,NA,NA,NA,NA,NA,NA,NA,NA,NA,NA,NA,NA,NA,NA,NA,NA,NA,NA,NA,NA,NA,NA,NA,NA,NA,NA,NA,NA,NA,NA,NA,NA,NA,NA,NA,NA,NA,NA,NA,NA,NA,NA,NA,NA,NA,NA,NA,NA,3,NA,NA,NA,NA,NA,NA,NA,NA,NA,3.8,NA,NA,NA,NA,NA,NA,NA,42,42,42,42,15,12,15,15,12,15,114.9,114.9,114.9,114.9,42.3,70.8,1.8,42.3,70.8,1.8,NA,NA,NA,NA,NA,NA,NA,NA,NA,NA,NA,
Dunure,20/11/2022,"NA, PD",15:00,15:20,55.4053,-4.7615,Firth of Clyde,Clyde,Mainland,SW,Windward,2,Pebble Sml,Medium,Low,onshore,Strong,Yes,Medium,Winter,100,"Small harbour town, beach may be cleaned, houses nearby and restaurant. Castle location from outlander, so touristic so could be managed ",,Yes,medium,1,20/11/2022,02/12/2022,02/12/2022,,,,,,,0,1,0,0,0,0,0,0,0,0,0,0,0,0,0,0,0,0,0,0,0,0,0,0,1,0,0,0,0,0,0,0,0,0,0,0,0,0,0,0,0,0,0,0,0,0,0,0,0,0,0,1,3,0,0,0,0,0,0,0,0,0,0,0,0,0,0,0,0,1,0,0,0,0,0,0,0,0,0,0,0,0,0,0,0,0,0,0,0,0,0,0,0,0,0,0,0,0,0,0,0,0,0,0,0,0,0,0,0,1,0,0,0,0,0,0,0,0,0,0,0,0,0,0,0,0,0,0,0,0,0,NA,4.6,NA,NA,NA,NA,NA,NA,NA,NA,NA,NA,NA,NA,NA,NA,NA,NA,NA,NA,NA,NA,NA,NA,0.1,NA,NA,NA,NA,NA,NA,NA,NA,NA,NA,NA,NA,NA,NA,NA,NA,NA,NA,NA,NA,NA,NA,NA,NA,NA,NA,0.1,0.2,NA,NA,NA,NA,NA,NA,NA,NA,NA,NA,NA,NA,NA,NA,NA,NA,0.4,NA,NA,NA,NA,NA,NA,NA,NA,NA,NA,NA,NA,NA,NA,NA,NA,NA,NA,NA,NA,NA,NA,NA,NA,NA,NA,NA,NA,NA,NA,NA,NA,NA,NA,NA,NA,NA,NA,NA,2.4,NA,NA,NA,NA,NA,NA,NA,NA,NA,NA,NA,NA,NA,NA,NA,NA,NA,NA,NA,NA,NA,8,6,8,6,0,1,5,0,1,5,7.8,5,7.8,5,0,0.1,4.9,0,0.1,4.9,NA,NA,NA,NA,NA,NA,NA,NA,NA,NA,NA,
Ardeer Beach,24/09/2022,"NA, PD",17:20,18:20,55.6256,-4.7497,Firth of Clyde,Clyde,Mainland,SW,Windward,2,Pebble Lrg,Medium,Low,onshore,Weak,No,NA,Autumn,60,Lots of accumulated plastic caught in between the rocks - 4 poo bags and 2 ropes trapped ,,Yes,medium,2,24/09/2022,23/02/2023,23/02/2023,24/09/2022,23/02/2023,23/02/2023,,,,0,0,0,1,0,2,0,0,4,0,0,6,1,1,0,0,0,3,0,6,0,0,0,0,0,9,3,0,2,3,2,0,0,22,0,1,0,0,0,0,0,0,0,0,0,0,1,0,45,99,0,14,46,6,0,2,1,5,8,3,7,0,4,1,15,4,0,0,0,0,1,0,0,0,0,0,0,0,0,0,0,0,0,0,0,0,0,0,0,0,0,0,0,0,0,0,0,0,0,0,0,0,0,0,0,0,1,0,0,0,0,0,0,1,0,8,15,0,0,1,1,0,0,0,0,0,0,0,0,0,0,NA,NA,NA,4.2,NA,10,NA,NA,60,NA,NA,77.2,109,8.2,NA,NA,NA,25,NA,2.4,NA,NA,NA,NA,NA,5.6,5.4,NA,10.8,0.2,3.8,NA,NA,90.8,NA,99.2,NA,NA,NA,NA,NA,NA,NA,NA,NA,NA,3.8,NA,132.2,68.8,NA,0.8,349.4,379,NA,169,4,33.4,21.6,150.6,1.4,NA,7.4,27.2,353.6,0.6,NA,NA,NA,NA,81.2,NA,NA,NA,NA,NA,NA,NA,NA,NA,NA,NA,NA,NA,NA,NA,NA,NA,NA,NA,NA,NA,NA,NA,NA,NA,NA,NA,NA,NA,NA,NA,NA,NA,NA,NA,87.6,NA,NA,NA,NA,NA,NA,3.2,NA,7,41.6,NA,NA,1.4,2.8,NA,NA,NA,NA,NA,NA,NA,NA,NA,NA,355,349,591.6666667,581.6666667,175,86,88,291.6666667,143.3333333,146.6666667,2439.4,2270,4065.666667,3783.333333,711.8,460.6,1097.6,1186.333333,767.6666667,1829.333333,NA,NA,NA,2,NA,NA,NA,NA,NA,NA,NA,these ropes were trapped between the rocks 
Ardeer Beach,20/11/2022,"NA, PD",13:25,14:10,55.6256,-4.7497,Firth of Clyde,Clyde,Mainland,SW,Windward,2,Pebble Lrg,Strong,Low,onshore,Strong,No,NA,Winter,55,"Lots of alcohol cans, put in bin. ",,Yes,medium,2,20/11/2022,29/11/2022,01/12/2022,20/11/2022,27/01/2023,27/01/2023,,,,0,1,0,2,0,4,0,0,20,0,0,1,0,0,0,0,0,5,0,2,0,0,0,0,0,6,1,1,0,3,12,0,1,15,0,1,0,0,0,0,0,0,0,0,0,0,0,0,19,52,0,15,26,0,0,0,0,4,1,0,0,0,5,0,9,1,0,1,0,0,0,0,0,0,0,0,0,0,0,0,0,0,0,0,0,0,0,0,0,0,0,0,0,0,0,0,6,0,0,0,0,0,0,0,0,1,0,0,0,0,0,0,0,0,0,6,7,0,0,0,0,0,0,0,0,0,0,0,0,0,0,NA,2.6,NA,18,NA,6.4,NA,NA,611,NA,NA,0.6,NA,NA,NA,NA,NA,40.4,NA,3.8,NA,NA,NA,NA,NA,27.7,2.7,832.6,NA,0.4,25.4,NA,5,110,NA,64.2,NA,NA,NA,NA,NA,NA,NA,NA,NA,NA,NA,NA,87.6,37.4,NA,0.6,43.8,NA,NA,NA,NA,16.8,1.8,NA,NA,NA,13,NA,584,0.8,NA,384,NA,NA,NA,NA,NA,NA,NA,NA,NA,NA,NA,NA,NA,NA,NA,NA,NA,NA,NA,NA,NA,NA,NA,NA,NA,NA,NA,NA,81.2,NA,NA,NA,NA,NA,NA,NA,NA,11.2,NA,NA,NA,NA,NA,NA,NA,NA,NA,4.4,35.8,NA,NA,NA,NA,NA,NA,NA,NA,NA,NA,NA,NA,NA,NA,228,219,414.5454545,398.1818182,115,38,66,209.0909091,69.09090909,120,3053.2,2576,5551.272727,4683.636364,872.8,1046.4,656.8,1586.909091,1902.545455,1194.181818,NA,NA,NA,NA,NA,NA,NA,NA,NA,NA,NA,
Portnahaven,18/10/2022,"BN, KD",10:00,NA,55.6844,-6.5125,North Channel,Islay,Island,SW,Windward,2,Coarse Sand,Calm,Low,onshore,Weak,No,NA,Winter,48,Lots of glass and ceramics,,Yes,easy,1,18/10/2022,14/02/2023,14/02/2023,,,,,,,0,1,0,1,0,0,0,1,1,1,0,7,0,1,0,1,0,0,0,2,0,0,0,0,1,23,2,0,0,4,0,0,0,1,0,0,0,0,0,0,0,0,0,0,0,0,0,0,9,22,0,24,27,0,0,1,2,1,5,5,4,0,1,1,3,3,0,0,0,0,0,0,0,0,0,0,0,0,0,0,0,0,0,0,0,0,0,0,0,0,0,0,1,0,0,0,0,0,0,0,0,0,0,0,0,0,2,0,0,24,0,0,0,0,0,0,0,0,0,0,0,0,0,0,0,0,0,0,0,0,16,NA,1.6,NA,10,NA,NA,NA,60.8,44.4,8,NA,11.6,NA,3.8,NA,NA,NA,NA,NA,2.8,NA,NA,NA,NA,0.8,22.2,63.6,NA,NA,0.2,NA,NA,NA,1.2,NA,NA,NA,NA,NA,NA,NA,NA,NA,NA,NA,NA,NA,NA,808,5.4,NA,6.4,68.6,NA,NA,69.8,4.6,1.2,23.4,307.6,2,NA,10.6,62.4,17.4,1,NA,NA,NA,NA,NA,NA,NA,NA,NA,NA,NA,NA,NA,NA,NA,NA,NA,NA,NA,NA,NA,NA,NA,NA,NA,NA,71,NA,NA,NA,NA,NA,NA,NA,NA,NA,NA,NA,NA,NA,1.2,NA,NA,83.8,NA,NA,NA,NA,NA,NA,NA,NA,NA,NA,NA,NA,NA,NA,NA,NA,NA,NA,NA,NA,108.4,198,152,412.5,316.6666667,41,52,59,85.41666667,108.3333333,122.9166667,1883.8,1618.4,3924.583333,3371.666667,224,1300.2,94.2,466.6666667,2708.75,196.25,NA,NA,NA,NA,NA,NA,NA,NA,NA,NA,NA,
Portnahaven,21/03/2023,"NA, VK",18:00,18:50,55.6844,-6.5125,North Channel,Islay,Island,SW,Windward,2,Coarse Sand,Strong,Low,onshore,Strong,Yes,Heavy,Spring,47,"Portnahaven is a small harbour town, with a little pocket beach. The full length of the beach was 47 m. Houses all around the beach. The beach was covered in fishing gear (lost or abandoned or in use was unclear) canoe boats, buoys and creel pots sat high on the vegetation. Lots of plastics on the beach and on the strandline. Bag full of small black flies. Lots of seaweed.  REMOVED - item in other category that weighs 1826.2 g, this item looks like a small storage space, but was filled with coarse sediment unable to be removed without the inside plastic crumbling. So have discarded this item from count and weight. ",,Yes,easy,2,21/03/2023,27/03/2023,27/03/2023,21/03/2023,27/03/2023,27/03/2023,,,,0,2,0,0,0,0,1,0,5,2,0,31,2,0,0,0,0,1,0,2,0,0,0,0,1,56,9,2,0,6,3,0,0,1,0,0,0,0,0,0,2,0,0,0,0,0,0,0,33,21,0,66,54,0,0,1,7,1,54,7,9,0,6,0,23,2,0,0,0,0,0,0,0,0,0,0,1,0,0,0,0,0,0,0,0,0,0,0,0,0,0,0,0,0,0,0,0,0,0,0,0,0,0,0,0,0,0,0,0,0,0,0,0,1,0,0,0,0,0,0,0,0,1,0,0,0,0,0,0,0,0,NA,7.2,NA,NA,NA,NA,46,NA,104,26.4,NA,58.6,94.6,NA,NA,NA,NA,4.8,NA,4.2,NA,NA,NA,NA,0.8,114.2,442.6,924.2,NA,0.6,4.6,NA,NA,3.2,NA,NA,NA,NA,NA,NA,6.2,NA,NA,NA,NA,NA,NA,NA,128.2,6.4,NA,53.8,1212.8,NA,NA,43.8,19.6,7.6,577.6,535.2,4.2,NA,101.4,NA,701,2.6,NA,NA,NA,NA,NA,NA,NA,NA,NA,NA,3.6,NA,NA,NA,NA,NA,NA,NA,NA,NA,NA,NA,NA,NA,NA,NA,NA,NA,NA,NA,NA,NA,NA,NA,NA,NA,NA,NA,NA,NA,NA,NA,NA,NA,NA,NA,NA,2,NA,NA,NA,NA,NA,NA,NA,NA,2.4,NA,NA,NA,NA,NA,NA,NA,NA,413,410,878.7234043,872.3404255,75,180,155,159.5744681,382.9787234,329.787234,5244.4,5238.2,11158.29787,11145.10638,370,2842.2,2026,787.2340426,6047.234043,4310.638298,NA,NA,NA,NA,NA,NA,NA,NA,NA,NA,NA,"large stretch of vegetation with large items on it - fishing bouys, ~ 9 creel pots, abandoned small sail boats "
Saligo Bay,23/03/2023,"NA, VK",12:00,12:45,55.8136,-6.4573,North Channel,Islay,Island,SW,Windward,1,Pebble Sml,,,,,,,Spring,42,"This was an extra field site surveyed on Islay NW coast. All along this stretch of coast was sandy / pebble beaches separated by large rocks. Plastics visible all along the coast, and sections of lots of fragmentation. V. Large ropes found wedged between rocks or on top of the rocks. One was a large fishing net and the other looked like a shipping vessel rope. ",,Yes,medium,2,21/03/2023,28/03/2023,28/03/2023,21/03/2023,28/03/2023,28/03/2023,,,,0,0,0,0,0,0,1,1,6,2,1,59,1,1,0,0,0,0,0,2,0,0,2,0,0,36,2,0,1,0,12,0,0,2,0,0,0,2,0,0,0,4,0,0,0,0,0,0,4,15,4,51,54,4,2,0,33,2,46,13,4,0,7,1,83,0,0,0,0,1,0,0,0,0,1,0,0,0,0,0,0,0,0,0,0,0,0,0,0,0,0,0,0,0,0,0,0,0,0,0,0,0,0,0,0,0,0,0,0,0,0,0,0,1,0,0,0,0,0,0,0,0,0,0,0,0,0,0,0,0,0,NA,NA,NA,NA,NA,NA,15.2,19.4,175.4,69,96.8,127.4,3.6,11,NA,NA,NA,NA,NA,3.8,NA,NA,4,NA,NA,80,66.8,NA,11.2,NA,5.6,NA,NA,235.6,NA,NA,NA,7.8,NA,NA,NA,55.6,NA,NA,NA,NA,NA,NA,4.2,11.4,26.2,64.6,421.2,159.1,117.4,NA,98.2,5.2,372.8,919.6,4.4,NA,158.8,1.2,328.2,NA,NA,NA,NA,27.8,NA,NA,NA,NA,3.2,NA,NA,NA,NA,NA,NA,NA,NA,NA,NA,NA,NA,NA,NA,NA,NA,NA,NA,NA,NA,NA,NA,NA,NA,NA,NA,NA,NA,NA,NA,NA,NA,NA,NA,NA,NA,NA,NA,2.8,NA,NA,NA,NA,NA,NA,NA,NA,NA,NA,NA,NA,NA,NA,NA,NA,NA,461,459,1097.619048,1092.857143,127,125,207,302.3809524,297.6190476,492.8571429,3714.5,3683.5,8844.047619,8770.238095,765.6,1816,1101.9,1822.857143,4323.809524,2623.571429,NA,NA,1,1,NA,NA,NA,NA,NA,NA,NA,"1 huge rope sitting on top of rocks, looks like it could be from a ship, and 1 very large fishing net trapped in between rocks "
Bunnahabhain,18/10/2022,"BN, KD",15:00,NA,55.8745,-6.1168,North Channel,Islay,Island,NE,Leeward,2,Pebble Sml,Medium,Low,offshore,Medium,No,NA,Winter,85,,,Yes,easy,1,18/10/2022,15/02/2023,15/02/2023,,,,,,,0,0,0,0,0,0,0,0,0,0,0,0,0,0,0,0,0,0,0,0,0,0,0,0,0,0,0,0,0,0,0,0,0,0,0,0,0,0,0,0,0,0,0,0,0,0,0,0,0,1,0,0,2,0,0,0,0,0,0,0,0,0,0,0,0,0,0,0,0,0,0,0,0,0,0,0,0,0,0,0,0,0,0,0,0,0,0,0,0,0,0,0,0,0,0,0,0,0,0,0,0,0,0,0,0,0,0,1,0,0,0,0,0,0,0,0,0,0,0,0,0,0,0,0,0,0,0,0,0,0,0,NA,NA,NA,NA,NA,NA,NA,NA,NA,NA,NA,NA,NA,NA,NA,NA,NA,NA,NA,NA,NA,NA,NA,NA,NA,NA,NA,NA,NA,NA,NA,NA,NA,NA,NA,NA,NA,NA,NA,NA,NA,NA,NA,NA,NA,NA,NA,NA,NA,0.4,NA,NA,22.6,NA,NA,NA,NA,NA,NA,NA,NA,NA,NA,NA,NA,NA,NA,NA,NA,NA,NA,NA,NA,NA,NA,NA,NA,NA,NA,NA,NA,NA,NA,NA,NA,NA,NA,NA,NA,NA,NA,NA,NA,NA,NA,NA,NA,NA,NA,NA,NA,NA,NA,NA,NA,NA,NA,30.8,NA,NA,NA,NA,NA,NA,NA,NA,NA,NA,NA,NA,NA,NA,NA,NA,NA,NA,NA,NA,NA,NA,NA,4,3,4.705882353,3.529411765,1,0,2,1.176470588,0,2.352941176,53.8,23,63.29411765,27.05882353,0.4,0,22.6,0.470588235,0,26.58823529,NA,NA,NA,NA,NA,NA,NA,NA,NA,NA,NA,
Bunnahabhain,21/03/2023,"NA, VK",16:00,16:30,55.8745,-6.1168,North Channel,Islay,Island,NE,Leeward,2,Pebble Sml,,,,,,,Spring,100,"Beach is next to the distillery, access to the surrounding areas is very limited by hills and cliffs that are fenced off. Lots of large items way back in the vegetation (creel pots in a shed, tyres under trees, large ropes caught in the branches). Looks like a dumping ground. ",,Yes,easy,1,21/03/2023,26/03/2023,26/03/2023,,,,,,,0,0,0,0,0,0,0,0,0,0,0,1,0,0,0,0,0,0,0,0,0,0,0,0,0,0,0,0,0,0,0,0,0,0,0,1,0,0,0,0,1,0,0,0,0,0,0,0,1,0,0,5,25,0,0,0,0,0,8,5,0,0,0,0,5,0,0,0,0,0,0,0,0,0,0,0,0,0,0,0,0,0,0,0,0,0,0,0,0,0,0,0,0,0,0,1,1,0,1,0,0,0,0,0,0,1,1,0,0,0,0,0,0,0,0,0,0,0,0,0,0,0,0,0,0,0,0,0,0,0,0,NA,NA,NA,NA,NA,NA,NA,NA,NA,NA,NA,1.6,NA,NA,NA,NA,NA,NA,NA,NA,NA,NA,NA,NA,NA,NA,NA,NA,NA,NA,NA,NA,NA,NA,NA,55.8,NA,NA,NA,NA,3.2,NA,NA,NA,NA,NA,NA,NA,67.4,NA,NA,3.6,307.8,NA,NA,NA,NA,NA,139.6,560.8,NA,NA,NA,NA,39.8,NA,NA,NA,NA,NA,NA,NA,NA,NA,NA,NA,NA,NA,NA,NA,NA,NA,NA,NA,NA,NA,NA,NA,NA,NA,NA,NA,NA,NA,NA,47.2,12.8,NA,5.4,NA,NA,NA,NA,NA,NA,12,33.8,NA,NA,NA,NA,NA,NA,NA,NA,NA,NA,NA,NA,NA,NA,NA,NA,NA,NA,NA,NA,NA,NA,NA,NA,57,52,57,52,1,16,35,1,16,35,1290.8,1179.6,1290.8,1179.6,1.6,826.8,351.2,1.6,826.8,351.2,NA,NA,2,3,NA,NA,NA,NA,NA,2,NA,"ropes which were non-removable were wrapped around large logs, tree trunks, and the buried ropes were in dune at the back of the beach combined with metal poles and tyres. large tyres in vegetation, hidden quite far back, 1 small shed with ~ 10 creel pots inside - (looked abandoned) large metal poles, looked to be broken off from the fence - didn’t record numbers as it looks like a collection behind the beach (have pics of this). "
Machrihanish ,21/08/2022,"NA, VK, AF, AL",NA,NA,55.4238,-5.731,North Channel,Kintyre,Mainland,SW,Windward,2,Soft Sand,Strong,Low,onshore,Strong,No,NA,Autumn,100,"No visible plastic found on beach - touristic area, with golf course at the back on the beach, likely to be maintained. Popular spot for surfers ",,Yes,easy,0,21/08/2022,16/02/2023,16/02/2023,,,,,,,0,0,0,0,0,0,0,0,0,0,0,0,0,0,0,0,0,0,0,0,0,0,0,0,0,0,0,0,0,0,0,0,0,0,0,0,0,0,0,0,0,0,0,0,0,0,0,0,0,0,0,0,0,0,0,0,0,0,0,0,0,0,0,0,0,0,0,0,0,0,0,0,0,0,0,0,0,0,0,0,0,0,0,0,0,0,0,0,0,0,0,0,0,0,0,0,0,0,0,0,0,0,0,0,0,0,0,0,0,0,0,0,0,0,0,0,0,0,0,0,0,0,0,0,0,0,0,0,0,0,0,NA,NA,NA,NA,NA,NA,NA,NA,NA,NA,NA,NA,NA,NA,NA,NA,NA,NA,NA,NA,NA,NA,NA,NA,NA,NA,NA,NA,NA,NA,NA,NA,NA,NA,NA,NA,NA,NA,NA,NA,NA,NA,NA,NA,NA,NA,NA,NA,NA,NA,NA,NA,NA,NA,NA,NA,NA,NA,NA,NA,NA,NA,NA,NA,NA,NA,NA,NA,NA,NA,NA,NA,NA,NA,NA,NA,NA,NA,NA,NA,NA,NA,NA,NA,NA,NA,NA,NA,NA,NA,NA,NA,NA,NA,NA,NA,NA,NA,NA,NA,NA,NA,NA,NA,NA,NA,NA,NA,NA,NA,NA,NA,NA,NA,NA,NA,NA,NA,NA,NA,NA,NA,NA,NA,NA,NA,NA,NA,NA,NA,NA,0,0,0,0,0,0,0,0,0,0,0,0,0,0,0,0,0,0,0,0,NA,NA,NA,NA,NA,NA,NA,NA,NA,NA,NA,
Machrihanish ,02/10/2022,"NA, GM",18:20,18:30,55.4238,-5.731,North Channel,Kintyre,Mainland,SW,Windward,2,Soft Sand,Strong,Low,onshore,Strong,No,NA,Winter,100,"More plastic found than previous survey, although this time there was no people on the beach, and the weather was stormy. ",,Yes,easy,1,02/10/2022,17/02/2023,17/02/2023,,,,,,,0,1,0,0,0,1,0,0,2,0,0,2,0,0,0,0,0,0,0,0,0,0,0,0,0,20,1,0,0,0,0,0,0,0,0,0,0,0,0,0,0,0,0,0,0,0,0,0,3,9,0,0,9,0,0,0,0,4,5,3,6,0,0,0,1,1,0,0,0,0,1,0,0,0,0,0,0,0,0,0,0,0,0,0,0,0,0,0,0,0,0,0,0,0,0,0,0,0,0,0,0,0,0,0,0,0,0,0,0,0,0,0,0,0,0,0,0,0,0,0,0,0,0,0,0,0,0,0,0,0,0,NA,6.6,NA,NA,NA,4,NA,NA,52,NA,NA,2.4,NA,NA,NA,NA,NA,NA,NA,NA,NA,NA,NA,NA,NA,22.4,23.4,NA,NA,NA,NA,NA,NA,NA,NA,NA,NA,NA,NA,NA,NA,NA,NA,NA,NA,NA,NA,NA,55,5.6,NA,NA,58.8,NA,NA,NA,NA,10.4,93.8,124.8,5,NA,NA,NA,121.8,1.6,NA,NA,NA,NA,110.8,NA,NA,NA,NA,NA,NA,NA,NA,NA,NA,NA,NA,NA,NA,NA,NA,NA,NA,NA,NA,NA,NA,NA,NA,NA,NA,NA,NA,NA,NA,NA,NA,NA,NA,NA,NA,NA,NA,NA,NA,NA,NA,NA,NA,NA,NA,NA,NA,NA,NA,NA,NA,NA,NA,NA,NA,NA,NA,NA,NA,69,67,69,67,14,42,11,14,42,11,698.4,586,698.4,586,64,334.8,187.2,64,334.8,187.2,NA,NA,NA,NA,NA,NA,NA,NA,NA,NA,NA,
Grogport,21/08/2022,"NA, VK, AF, AL",14:15,14:41,55.6445,-5.4822,Firth of Clyde,Kintyre,Mainland,NE,Leeward,2,Soft Sand,Calm,Low,offshore,Weak,No,NA,Autumn,100,Houses near by ,,No,easy,1,21/08/2022,16/02/2023,16/02/2023,,,,,,,0,0,0,0,0,0,0,0,0,0,0,4,0,0,0,0,0,1,0,0,0,0,0,0,0,4,1,0,0,0,1,0,0,0,0,0,0,0,0,0,0,0,0,0,0,0,0,0,2,12,0,9,3,0,0,0,0,0,1,0,0,0,2,0,0,0,0,0,0,0,0,0,0,0,0,0,0,0,0,0,0,0,0,0,0,0,0,0,0,0,0,0,0,0,0,0,0,0,0,0,0,0,0,0,0,0,0,0,0,3,0,0,0,0,0,0,0,0,0,0,0,0,0,0,0,0,0,0,0,0,0,NA,NA,NA,NA,NA,NA,NA,NA,NA,NA,NA,7.6,NA,NA,NA,NA,NA,6.4,NA,NA,NA,NA,NA,NA,NA,4.6,54,NA,NA,NA,1.2,NA,NA,NA,NA,NA,NA,NA,NA,NA,NA,NA,NA,NA,NA,NA,NA,NA,2.4,9,NA,3,33.6,NA,NA,NA,NA,NA,3.6,NA,NA,NA,30.8,NA,NA,NA,NA,NA,NA,NA,NA,NA,NA,NA,NA,NA,NA,NA,NA,NA,NA,NA,NA,NA,NA,NA,NA,NA,NA,NA,NA,NA,NA,NA,NA,NA,NA,NA,NA,NA,NA,NA,NA,NA,NA,NA,NA,NA,NA,3,NA,NA,NA,NA,NA,NA,NA,NA,NA,NA,NA,NA,NA,NA,NA,NA,NA,NA,NA,NA,NA,43,40,43,40,17,10,13,17,10,13,159.2,156.2,159.2,156.2,23,95.4,37.8,23,95.4,37.8,NA,NA,NA,NA,NA,NA,NA,NA,NA,NA,NA,
Grogport,02/10/2022,"NA, GM",13:20,13:50,55.6445,-5.4822,Firth of Clyde,Kintyre,Mainland,NE,Leeward,2,Coarse Sand,Calm,Low,offshore,Strong,No,NA,Winter,100,Beach covered in seaweed,,Yes,easy,1,02/10/2022,22/02/2023,22/02/2023,,,,,,,0,0,0,0,0,0,0,0,0,0,0,1,0,0,0,0,0,0,0,0,0,0,0,0,0,0,0,0,0,0,0,0,0,0,0,0,0,0,0,0,0,0,0,0,0,0,0,0,0,2,0,1,1,0,0,0,0,0,2,0,1,0,0,0,0,0,0,0,0,0,0,0,0,0,0,0,0,0,0,0,0,0,0,0,0,0,0,0,0,0,0,0,0,0,0,0,0,0,0,0,0,0,0,0,0,0,0,0,0,0,0,0,0,0,0,0,0,0,0,0,0,0,0,0,0,0,0,0,0,0,0,NA,NA,NA,NA,NA,NA,NA,NA,NA,NA,NA,1.4,NA,NA,NA,NA,NA,NA,NA,NA,NA,NA,NA,NA,NA,NA,NA,NA,NA,NA,NA,NA,NA,NA,NA,NA,NA,NA,NA,NA,NA,NA,NA,NA,NA,NA,NA,NA,NA,2.6,NA,1,15,NA,NA,NA,NA,NA,21.4,NA,1.6,NA,NA,NA,NA,NA,NA,NA,NA,NA,NA,NA,NA,NA,NA,NA,NA,NA,NA,NA,NA,NA,NA,NA,NA,NA,NA,NA,NA,NA,NA,NA,NA,NA,NA,NA,NA,NA,NA,NA,NA,NA,NA,NA,NA,NA,NA,NA,NA,NA,NA,NA,NA,NA,NA,NA,NA,NA,NA,NA,NA,NA,NA,NA,NA,NA,NA,NA,NA,NA,NA,8,8,8,8,3,3,2,3,3,2,43,43,43,43,4,23,16,4,23,16,NA,NA,NA,NA,NA,NA,NA,NA,NA,NA,NA,
Carskey Bay,21/08/2022,"NA, VK, AF, AL",NA,NA,55.3086,-5.6737,Firth of Clyde,Kintyre,Mainland,SW,Windward,2,Soft Sand,Calm,Low,,,No,NA,Autumn,100,1 plastic food wrapper ,,No,easy,1,21/08/2022,15/02/2023,16/02/2023,,,,,,,0,0,0,0,0,0,0,0,0,0,0,0,0,0,0,0,0,0,0,0,0,0,0,0,0,0,0,0,0,0,0,0,0,0,0,0,0,0,0,0,0,0,0,0,0,0,0,0,0,1,0,0,0,0,0,0,0,0,0,0,0,0,0,0,0,0,0,0,0,0,0,0,0,0,0,0,0,0,0,0,0,0,0,0,0,0,0,0,0,0,0,0,0,0,0,0,0,0,0,0,0,0,0,0,0,0,0,0,0,0,0,0,0,0,0,0,0,0,0,0,0,0,0,0,0,0,0,0,0,0,0,NA,NA,NA,NA,NA,NA,NA,NA,NA,NA,NA,NA,NA,NA,NA,NA,NA,NA,NA,NA,NA,NA,NA,NA,NA,NA,NA,NA,NA,NA,NA,NA,NA,NA,NA,NA,NA,NA,NA,NA,NA,NA,NA,NA,NA,NA,NA,NA,NA,0.5,NA,NA,NA,NA,NA,NA,NA,NA,NA,NA,NA,NA,NA,NA,NA,NA,NA,NA,NA,NA,NA,NA,NA,NA,NA,NA,NA,NA,NA,NA,NA,NA,NA,NA,NA,NA,NA,NA,NA,NA,NA,NA,NA,NA,NA,NA,NA,NA,NA,NA,NA,NA,NA,NA,NA,NA,NA,NA,NA,NA,NA,NA,NA,NA,NA,NA,NA,NA,NA,NA,NA,NA,NA,NA,NA,NA,NA,NA,NA,NA,NA,1,1,1,1,1,0,0,1,0,0,0.5,0.5,0.5,0.5,0.5,0,0,0.5,0,0,NA,NA,NA,NA,NA,NA,NA,NA,NA,NA,NA,
Carskey Bay,02/10/2022,"NA, GM",17:25,17:35,55.3086,-5.6737,Firth of Clyde,Kintyre,Mainland,SW,Windward,2,Soft Sand,Medium,Low,onshore,Strong,No,NA,Winter,100,1 x lolly stick + 1 food wrapper + 1 x piece frisbee + 1 piece tube (sml),,Yes,easy,1,02/10/2022,15/02/2023,16/02/2023,,,,,,,0,0,0,0,0,0,0,0,0,0,0,0,0,0,0,0,0,0,0,0,0,0,0,0,0,0,0,0,0,0,0,0,0,0,0,0,0,0,0,0,0,0,0,0,0,0,0,0,0,2,0,0,2,0,0,0,0,0,0,0,0,0,0,0,0,0,0,0,0,0,0,0,0,0,0,0,0,0,0,0,0,0,0,0,0,0,0,0,0,0,0,0,0,0,0,0,0,0,0,0,0,0,0,0,0,0,0,0,0,0,0,0,0,0,0,0,0,0,0,0,0,0,0,0,0,0,0,0,0,0,0,NA,NA,NA,NA,NA,NA,NA,NA,NA,NA,NA,NA,NA,NA,NA,NA,NA,NA,NA,NA,NA,NA,NA,NA,NA,NA,NA,NA,NA,NA,NA,NA,NA,NA,NA,NA,NA,NA,NA,NA,NA,NA,NA,NA,NA,NA,NA,NA,NA,1,NA,NA,15.4,NA,NA,NA,NA,NA,NA,NA,NA,NA,NA,NA,NA,NA,NA,NA,NA,NA,NA,NA,NA,NA,NA,NA,NA,NA,NA,NA,NA,NA,NA,NA,NA,NA,NA,NA,NA,NA,NA,NA,NA,NA,NA,NA,NA,NA,NA,NA,NA,NA,NA,NA,NA,NA,NA,NA,NA,NA,NA,NA,NA,NA,NA,NA,NA,NA,NA,NA,NA,NA,NA,NA,NA,NA,NA,NA,NA,NA,NA,4,4,4,4,2,0,2,2,0,2,16.4,16.4,16.4,16.4,1,0,15.4,1,0,15.4,NA,NA,NA,NA,NA,NA,NA,NA,NA,NA,NA,
Campbeltown Bay ,02/10/2022,"NA, GM",14:45,15:35,55.4263,-5.5824,Firth of Clyde,Kintyre,Mainland,NE,Leeward,1,Pebble Sml,Medium,Low,onshore,Strong,No,NA,Winter,100,"Along the front in campbeltown. A section of beached surveyed at random, although plastics all along the front on the pebbled areas.",,Yes,easy,2,02/10/2022,16/02/2023,16/02/2023,02/10/2022,26/02/2023,26/02/2023,,,,1,0,0,2,0,1,0,2,15,0,0,12,0,3,0,0,0,1,1,4,0,0,7,0,2,48,14,0,0,0,5,0,3,7,0,8,0,0,0,2,0,0,0,0,0,0,0,0,34,94,2,20,34,0,0,0,0,19,30,12,9,0,10,1,6,6,0,0,0,0,0,0,0,0,0,0,0,0,0,0,0,0,0,0,0,0,0,0,1,0,0,0,0,0,0,0,0,0,0,0,2,0,0,0,0,0,0,0,0,0,0,0,0,0,0,2,0,0,1,1,1,0,0,1,0,0,0,0,0,0,0,2.2,NA,NA,31,NA,1.6,NA,94.2,312,NA,NA,23.2,NA,25.6,NA,NA,NA,8,3.2,7.6,NA,NA,138,NA,1.2,72,109.4,NA,NA,NA,1.6,NA,16,64.6,NA,444.8,NA,NA,NA,9.4,NA,NA,NA,NA,NA,NA,NA,NA,230.4,115.6,4.2,2.8,1332.2,NA,NA,NA,NA,80.8,575,2382.8,151,NA,145.4,1.6,482.4,3.6,NA,NA,NA,NA,NA,NA,NA,NA,NA,NA,NA,NA,NA,NA,NA,NA,NA,NA,NA,NA,NA,NA,0.8,NA,NA,NA,NA,NA,NA,NA,NA,NA,NA,NA,2.8,NA,NA,NA,NA,NA,NA,NA,NA,NA,NA,NA,NA,NA,NA,0.8,NA,NA,15.8,2,3.2,NA,NA,5.4,NA,NA,NA,NA,NA,NA,NA,424,415,424,415,153,195,67,153,195,67,6904.2,6897,6904.2,6897,643.6,4425,1828.4,643.6,4425,1828.4,NA,NA,NA,NA,NA,NA,NA,NA,NA,NA,NA,
Uisken Bay,27/11/2022,"NA, VK",12:50,13:20,56.2892,-6.2188,North Channel,Mull,Island,SW,Windward,2,Soft Sand,,,,,,,Winter,100,"Large sandy beach. Lots of large plastics caught in the grass and buried. Looks like these items are placed to prevent erosion (more details in nonremovable section of database). Creel pots and large ropes, large storage pots. Dog walkers there. May be cleaned? ",,Yes,easy,1,27/11/2022,06/12/2022,06/12/2022,,,,,,,0,0,0,0,0,0,0,0,3,0,0,5,0,0,0,0,0,0,0,0,0,0,0,0,0,16,2,0,0,1,0,0,0,2,0,0,0,0,0,0,0,0,0,0,0,0,0,0,3,6,1,7,24,0,0,0,1,0,1,3,0,1,1,0,4,0,0,0,0,0,0,0,0,0,0,0,0,0,0,0,0,0,0,0,1,0,0,0,0,0,0,0,0,0,0,0,0,0,0,0,0,0,0,0,0,0,0,0,0,0,0,0,0,0,0,0,0,0,0,0,0,0,0,0,0,0,0,1,0,0,0,NA,NA,NA,NA,NA,NA,NA,NA,73.6,NA,NA,8.8,NA,NA,NA,NA,NA,NA,NA,NA,NA,NA,NA,NA,NA,16,2,NA,NA,0.1,NA,NA,NA,5.6,NA,NA,NA,NA,NA,NA,NA,NA,NA,NA,NA,NA,NA,NA,15.2,2.8,0.8,1,118.4,NA,NA,NA,3,NA,356.6,135.4,NA,53.2,1,NA,71.8,NA,NA,NA,NA,NA,NA,NA,NA,NA,NA,NA,NA,NA,NA,NA,NA,NA,NA,NA,12.4,NA,NA,NA,NA,NA,NA,NA,NA,NA,NA,NA,NA,NA,NA,NA,NA,NA,NA,NA,NA,NA,NA,NA,NA,NA,NA,NA,NA,NA,NA,NA,NA,NA,NA,NA,NA,NA,NA,NA,NA,NA,NA,218,NA,NA,NA,83,81,83,81,18,27,36,18,27,36,1095.7,865.3,1095.7,865.3,94.6,579.4,191.3,94.6,579.4,191.3,NA,7,NA,5,NA,NA,1,6,2,1,NA,"From the 100 m transect, these items were all places around the dune at the back of the beach - looked like to prevent erosion or something. 'other' item was a learge metal pole with large rope wound round it. "
Uisken Bay,19/03/2023,"NA, VK",16:00,16:15,56.2892,-6.2188,North Channel,Mull,Island,SW,Windward,2,Soft Sand,,,,,,,Spring,100,"Same as previous survey, and again people walking on the beach.",,Yes,easy,1,19/03/2023,26/03/2023,26/03/2023,,,,,,,0,0,0,0,0,0,0,0,0,0,0,5,0,0,0,0,0,0,0,0,0,0,0,0,1,9,0,0,0,0,0,0,0,0,0,0,0,0,0,0,0,0,0,0,0,0,0,0,7,5,0,13,8,0,0,0,5,1,7,2,0,0,1,0,1,0,0,0,0,0,0,0,0,0,0,0,0,0,0,0,0,0,0,0,0,0,0,0,0,0,0,0,0,0,0,0,0,0,1,0,0,0,0,0,0,0,0,0,0,0,0,0,0,0,0,0,0,0,0,0,0,0,0,0,0,0,0,0,0,0,0,NA,NA,NA,NA,NA,NA,NA,NA,NA,NA,NA,34.2,NA,NA,NA,NA,NA,NA,NA,NA,NA,NA,NA,NA,0.2,9.6,NA,NA,NA,NA,NA,NA,NA,NA,NA,NA,NA,NA,NA,NA,NA,NA,NA,NA,NA,NA,NA,NA,85.2,1,NA,8,22.6,NA,NA,NA,15,0.6,40.4,560.2,NA,NA,4.6,NA,17,NA,NA,NA,NA,NA,NA,NA,NA,NA,NA,NA,NA,NA,NA,NA,NA,NA,NA,NA,NA,NA,NA,NA,NA,NA,NA,NA,NA,NA,NA,NA,NA,NA,4,NA,NA,NA,NA,NA,NA,NA,NA,NA,NA,NA,NA,NA,NA,NA,NA,NA,NA,NA,NA,NA,NA,NA,NA,NA,NA,NA,NA,NA,NA,NA,NA,66,65,66,65,15,28,22,15,28,22,802.6,798.6,802.6,798.6,50.2,700.8,47.6,50.2,700.8,47.6,NA,7,NA,5,NA,NA,1,6,2,1,NA,"In the second survey, all items remained, but looking more exposed. The ropes were all large fishing nets, which were more visible this time, and some may be from the same net stretching > 10 m. The oil containers look eroded from the sand dune. However the tyre is more buried. "
The Black Beach,27/11/2022,"NA, VK",16:00,16:50,56.5294,-6.228,North Channel,Mull,Island,SW,Windward,2,Pebble Lrg,,,,,,,Winter,10,Lots of small fragments in the seaweed. Short transect due to limited daylight. Woman approached on beach saying she cleans the beach and all around - mostly fishing litter but not from our fishermen. Asked to leave the buoy on the beach. ,,Yes,difficult,2,01/12/2022,17/01/2023,17/01/2023,01/12/2022,17/01/2023,17/01/2023,,,,0,1,0,0,0,1,0,2,0,0,0,35,0,0,0,0,0,0,0,3,0,0,2,0,5,133,13,0,0,1,0,0,0,0,0,0,0,0,0,0,0,0,6,0,0,0,0,0,35,68,2,202,139,0,0,0,9,26,97,20,0,7,24,0,8,1,0,0,0,0,0,0,0,0,0,0,0,0,0,0,0,0,0,0,0,0,0,0,0,0,0,0,0,0,0,0,0,0,0,0,0,0,0,0,0,0,0,0,0,0,0,0,0,0,0,0,1,0,0,0,0,0,0,0,0,0,0,0,0,0,1,NA,3.4,NA,NA,NA,1.2,NA,42,NA,NA,NA,67,NA,NA,NA,NA,NA,NA,NA,2.6,NA,NA,33,NA,12,84.2,67.4,NA,NA,0.1,NA,NA,NA,NA,NA,NA,NA,NA,NA,NA,NA,NA,0.1,NA,NA,NA,NA,NA,44.6,15.8,9.2,28.4,410.4,NA,NA,NA,28.6,41.4,142.8,590,NA,93.8,173.4,NA,462.6,0.2,NA,NA,NA,NA,NA,NA,NA,NA,NA,NA,NA,NA,NA,NA,NA,NA,NA,NA,NA,NA,NA,NA,NA,NA,NA,NA,NA,NA,NA,NA,NA,NA,NA,NA,NA,NA,NA,NA,NA,NA,NA,NA,NA,NA,NA,NA,NA,NA,NA,NA,1,NA,NA,NA,NA,NA,NA,NA,NA,NA,NA,NA,NA,NA,3.6,842,840,8420,8400,119,364,357,1190,3640,3570,2358.8,2355,23588,23550,125.4,1324.6,905,1254,13246,9050,NA,NA,NA,NA,NA,NA,NA,NA,NA,NA,NA,
The Black Beach,19/03/2023,"NA, VK",12:00,14:30,56.5294,-6.228,North Channel,Mull,Island,SW,Windward,2,Pebble Lrg,,,,,,,Spring,25,"Woman was cleaning the beach when we got there, she had done an area of ~10 m and had 2 bags of rubbish, so we marked out a larger transect where she was cleaning and continued there. Also done another 15 m, to contribute. Beach a lot dirtier than previous survey. Talking to a local who said the whole west coast of mull has a lot of plastics, and mostly fishing gear. ",,Yes,difficult,6,19/03/2023,30/03/2023,30/03/2023,19/03/2023,31/03/2023,31/03/2023,19/03/2023,03/04/2023,03/04/2023,0,2,0,1,3,2,3,0,1,0,1,114,0,1,0,2,0,6,0,5,0,0,2,0,0,405,79,0,0,2,0,0,0,4,0,0,0,1,0,0,0,2,0,0,0,0,1,0,53,100,3,631,247,3,0,0,53,74,265,31,34,0,21,2,113,5,0,0,0,0,1,0,0,0,1,0,0,0,0,0,0,0,0,0,0,0,0,0,0,0,0,0,0,0,0,0,0,0,1,0,0,0,0,0,0,0,0,0,0,0,0,0,0,1,0,0,0,0,1,0,0,0,1,0,0,0,0,0,0,0,1,NA,21,NA,8,8,3.8,186.2,NA,16.2,NA,96,313.4,NA,13,NA,13.4,NA,19,NA,4.4,NA,NA,13.2,NA,NA,378,791,NA,NA,0.2,NA,NA,NA,39.4,NA,NA,NA,5.2,NA,NA,NA,46.8,NA,NA,NA,NA,1.2,NA,362.6,27.2,3.2,296.8,1446.8,219.8,NA,NA,165.2,89.6,1633.2,1685.2,57.6,NA,339.2,3.2,1764.8,3.4,NA,NA,NA,NA,0.8,NA,NA,NA,6.4,NA,NA,NA,NA,NA,NA,NA,NA,NA,NA,NA,NA,NA,NA,NA,NA,NA,NA,NA,NA,NA,NA,NA,3.4,NA,NA,NA,NA,NA,NA,NA,NA,NA,NA,NA,NA,NA,NA,2.2,NA,NA,NA,NA,0.6,NA,NA,NA,3.8,NA,NA,NA,NA,NA,NA,NA,8,2279,2270,9116,9080,297,971,1002,1188,3884,4008,10100.4,10078.4,40401.6,40313.6,636,5410.8,4031.6,2544,21643.2,16126.4,NA,NA,NA,NA,NA,NA,NA,NA,NA,NA,NA,
Duart Bay ,27/11/2022,"NA, VK",11:12,11:25,56.4485,-5.6593,Firth of Lorn,Mull,Island,NE,Leeward,2,Pebble Sml,Calm,Low,offshore,Weak,No,NA,Winter,100,"Close to the ferry port, few beaches separated by rocks. All very clean ",,Yes,difficult,1,27/11/2022,29/11/2022,01/12/2022,,,,,,,0,0,0,0,0,0,0,0,1,0,0,0,0,0,0,0,0,0,0,0,0,0,0,0,0,0,0,0,0,0,0,0,0,0,0,0,0,0,0,0,0,0,0,0,0,0,0,0,0,0,0,0,0,3,0,0,0,0,0,0,0,0,7,0,1,0,0,0,0,1,0,0,0,0,0,0,0,0,0,0,0,0,0,0,0,0,0,0,0,0,0,0,0,0,0,0,0,0,0,0,0,0,0,0,0,0,0,0,0,0,0,0,0,0,0,0,0,0,0,0,0,0,0,0,0,0,0,0,0,0,3,NA,NA,NA,NA,NA,NA,NA,NA,4,NA,NA,NA,NA,NA,NA,NA,NA,NA,NA,NA,NA,NA,NA,NA,NA,NA,NA,NA,NA,NA,NA,NA,NA,NA,NA,NA,NA,NA,NA,NA,NA,NA,NA,NA,NA,NA,NA,NA,NA,NA,NA,NA,NA,0.4,NA,NA,NA,NA,NA,NA,NA,NA,16.2,NA,0.2,NA,NA,NA,NA,2.6,NA,NA,NA,NA,NA,NA,NA,NA,NA,NA,NA,NA,NA,NA,NA,NA,NA,NA,NA,NA,NA,NA,NA,NA,NA,NA,NA,NA,NA,NA,NA,NA,NA,NA,NA,NA,NA,NA,NA,NA,NA,NA,NA,NA,NA,NA,NA,NA,NA,NA,NA,NA,NA,NA,NA,NA,NA,NA,NA,NA,126.6,16,12,16,12,1,7,4,1,7,4,150,20.8,150,20.8,4,16.2,0.6,4,16.2,0.6,NA,NA,NA,NA,NA,NA,NA,NA,NA,NA,NA,
Duart Bay ,19/03/2023,"NA, VK",17:30,17:42,56.4485,-5.6593,Firth of Lorn,Mull,Island,NE,Leeward,2,Pebble Sml,,,,,,,Spring,100,paint pot out of transect ,,Yes,difficult,1,19/03/2023,26/03/2023,26/03/2023,,,,,,,0,0,0,0,0,0,0,0,0,0,0,0,0,0,0,0,0,1,0,0,0,0,0,0,0,1,0,0,0,0,0,0,0,0,0,0,0,0,0,0,0,0,0,0,0,0,0,0,4,1,0,0,0,0,0,0,0,0,2,3,4,0,0,0,0,0,0,0,0,0,0,0,0,0,0,0,0,0,0,0,0,0,0,0,0,0,0,0,0,0,0,0,0,0,0,0,0,0,0,0,0,0,0,0,0,0,0,0,0,0,0,0,0,0,0,0,0,0,0,0,0,0,0,0,0,0,0,0,0,0,0,NA,NA,NA,NA,NA,NA,NA,NA,NA,NA,NA,NA,NA,NA,NA,NA,NA,7.6,NA,NA,NA,NA,NA,NA,NA,0.6,NA,NA,NA,NA,NA,NA,NA,NA,NA,NA,NA,NA,NA,NA,NA,NA,NA,NA,NA,NA,NA,NA,1.8,0.6,NA,NA,NA,NA,NA,NA,NA,NA,35.4,480.8,16,NA,NA,NA,NA,NA,NA,NA,NA,NA,NA,NA,NA,NA,NA,NA,NA,NA,NA,NA,NA,NA,NA,NA,NA,NA,NA,NA,NA,NA,NA,NA,NA,NA,NA,NA,NA,NA,NA,NA,NA,NA,NA,NA,NA,NA,NA,NA,NA,NA,NA,NA,NA,NA,NA,NA,NA,NA,NA,NA,NA,NA,NA,NA,NA,NA,NA,NA,NA,NA,NA,16,16,16,16,2,14,0,2,14,0,542.8,542.8,542.8,542.8,8.2,534.6,0,8.2,534.6,0,NA,NA,NA,NA,NA,NA,NA,NA,NA,NA,NA,
Oban Bay,10/11/2022,"BN, GG",14:06,NA,56.422,-5.4837,Firth of Lorn,Oban,Mainland,SW,Windward,1,Pebble Sml,Medium,Low,onshore,Medium,No,NA,Winter,100,"H3 Marine Pollution Practical - x 10 volunteers. Lots of seaweed present on beach, and lots of glass",,Yes,easy,1,10/11/2022,02/02/2023,02/02/2023,,,,,,,0,0,0,1,0,1,0,0,3,0,0,9,0,0,167,0,0,0,0,0,0,0,4,0,0,2,0,0,0,44,55,0,1,1,0,0,0,0,0,0,0,0,0,0,0,0,0,0,3,48,0,64,38,0,0,0,1,4,2,0,0,0,1,0,5,0,0,0,0,0,1,0,0,0,0,0,10,0,0,0,0,0,0,0,1,0,0,0,0,0,0,5,0,0,0,0,1,0,1,0,12,0,0,0,0,0,0,0,0,2,0,505,0,0,0,0,0,0,0,0,0,0,0,0,0,0,0,0,0,0,0,NA,NA,NA,11.4,NA,2,NA,NA,57,NA,NA,32.2,NA,NA,36.2,NA,NA,NA,NA,NA,NA,NA,2.4,NA,NA,1.8,NA,NA,NA,3.8,100.2,NA,19.6,51.8,NA,NA,NA,NA,NA,NA,NA,NA,NA,NA,NA,NA,NA,NA,94.2,23.2,NA,19,57,NA,NA,NA,3,6,1.6,NA,NA,NA,0.6,NA,91,NA,NA,NA,NA,NA,19.4,NA,NA,NA,NA,NA,51.2,NA,NA,NA,NA,NA,NA,NA,8,NA,NA,NA,NA,NA,NA,473.6,NA,NA,NA,NA,1,NA,1,NA,2.4,NA,NA,NA,NA,NA,NA,NA,423.6,NA,NA,1437.6,NA,NA,NA,NA,NA,NA,NA,NA,NA,NA,NA,NA,NA,NA,NA,NA,NA,NA,NA,992,454,992,454,232,16,206,232,16,206,3031.8,614,3031.8,614,236.4,106.6,271,236.4,106.6,271,NA,NA,NA,NA,NA,NA,NA,NA,NA,NA,NA,
Gallanach Road,09/08/2022,"NA, NV",19:40,20:16,56.3844,-5.5226,Firth of Lorn,Oban,Mainland,SW,Windward,2,Pebble Lrg,Calm,Low,onshore,Weak,No,NA,Autumn,60,Survey length the full length of the beach. Beach last cleaned in 2018 ,,No,medium,2,09/08/2022,17/02/2023,17/02/2023,09/08/2022,22/02/2023,22/02/2023,,,,0,0,0,0,0,0,1,1,3,0,0,16,0,1,0,0,1,0,0,0,0,0,1,0,0,14,4,0,0,0,0,0,0,0,1,0,0,3,0,0,0,0,0,0,0,0,0,0,3,2,0,2,30,2,0,0,3,1,63,30,7,0,7,0,2,0,0,0,0,0,0,0,0,0,1,0,0,0,0,0,0,0,0,0,0,0,0,0,0,0,0,0,0,1,0,0,0,0,0,0,0,0,0,0,0,0,0,0,0,0,0,0,0,1,0,0,0,0,0,0,0,0,0,0,0,0,0,0,0,0,0,NA,NA,NA,NA,NA,NA,17.6,33.8,92.4,NA,NA,45,NA,9.4,NA,NA,905.4,NA,NA,NA,NA,NA,9.4,NA,NA,31.4,49.2,NA,NA,NA,NA,NA,NA,NA,NA,37.2,NA,97.2,NA,NA,NA,NA,NA,NA,NA,NA,NA,NA,110,0.6,NA,1.2,706,23.4,NA,NA,8.8,3.6,1326.8,3677.6,110,NA,313.4,NA,12.8,NA,NA,NA,NA,NA,NA,NA,NA,NA,1.2,NA,NA,NA,NA,NA,NA,NA,NA,NA,NA,NA,NA,NA,NA,NA,NA,NA,NA,45.2,NA,NA,NA,NA,NA,NA,NA,NA,NA,NA,NA,NA,NA,NA,NA,NA,NA,NA,NA,3.2,NA,NA,NA,NA,NA,NA,NA,NA,NA,NA,NA,NA,NA,NA,NA,NA,NA,201,199,335,331.6666667,26,135,38,43.33333333,225,63.33333333,7671.8,7625.4,12786.33333,12709,159.4,6705,761,265.6666667,11175,1268.333333,NA,NA,NA,NA,NA,NA,NA,NA,NA,NA,NA,
Gallanach Road,06/10/2022,"NA, NV",18:30,19:00,56.3844,-5.5226,Firth of Lorn,Oban,Mainland,SW,Windward,2,Pebble Sml,Strong,Low,onshore,Strong,Yes,Heavy,Winter,60,3 x large rope unable to remove ,,Yes,medium,2,06/10/2022,19/02/2023,19/02/2023,06/10/2022,20/02/2023,20/02/2023,,,,0,0,0,0,0,0,0,0,3,0,0,18,1,1,0,0,0,0,0,1,0,0,2,0,0,24,2,1,0,0,0,0,0,0,0,0,0,1,0,0,0,2,0,0,0,0,0,0,2,9,0,1,15,2,0,0,3,1,30,11,7,0,3,0,4,0,0,0,0,0,0,0,0,0,0,0,0,0,0,0,0,0,0,0,0,0,0,0,0,0,0,0,0,0,0,0,0,0,0,0,0,0,0,0,0,0,0,0,0,0,0,0,0,0,0,0,0,0,0,0,0,0,0,0,0,0,0,0,0,0,0,NA,NA,NA,NA,NA,NA,NA,NA,86.8,NA,NA,43.6,238.2,7.6,NA,NA,NA,NA,NA,0.6,NA,NA,108.4,NA,NA,39.2,87,897.4,NA,NA,NA,NA,NA,NA,NA,NA,NA,3.6,NA,NA,NA,11.2,NA,NA,NA,NA,NA,NA,23.8,10,NA,0.8,245.8,145.4,NA,NA,13.4,1,868.6,620.8,32.2,NA,103.2,NA,2129,NA,NA,NA,NA,NA,NA,NA,NA,NA,NA,NA,NA,NA,NA,NA,NA,NA,NA,NA,NA,NA,NA,NA,NA,NA,NA,NA,NA,NA,NA,NA,NA,NA,NA,NA,NA,NA,NA,NA,NA,NA,NA,NA,NA,NA,NA,NA,NA,NA,NA,NA,NA,NA,NA,NA,NA,NA,NA,NA,NA,NA,NA,NA,NA,NA,NA,144,144,240,240,36,86,22,60,143.3333333,36.66666667,5717.6,5717.6,9529.333333,9529.333333,400.2,2796.4,2521,667,4660.666667,4201.666667,NA,NA,3,NA,NA,NA,NA,NA,NA,NA,NA,rope too heavy to move
Dunollie Bay,09/08/2022,"NA, NV",18:08,18:30,56.4256,-5.4839,Firth of Lorn,Oban,Mainland,SW,Windward,1,Pebble Sml,Calm,Low,onshore,Weak,No,NA,Autumn,85,Lots of dead birds. Milk bottle seen mid-beach on seaweed 07/08/2022 and gone by this survey. Survey length the full length of the beach ,,No,easy,1,09/08/2022,24/02/2023,24/02/2023,,,,,,,2,0,0,0,0,0,0,0,1,0,1,7,0,1,1,0,0,0,0,0,0,0,3,0,1,8,0,1,1,0,1,0,0,3,0,1,0,0,0,0,1,0,0,0,0,0,0,0,24,44,2,10,4,0,0,0,0,4,23,1,0,0,1,0,4,1,0,0,0,0,0,0,0,0,0,0,0,1,0,1,0,0,0,0,0,0,0,0,0,0,0,0,0,1,0,0,1,0,0,0,1,0,0,0,0,0,0,0,0,0,0,0,0,0,0,0,0,0,0,0,0,0,0,0,0,0,0,0,0,0,0,4,NA,NA,NA,NA,NA,NA,NA,14.2,NA,787.2,12,NA,0.8,1,NA,NA,NA,NA,NA,NA,NA,7,NA,0.1,7.4,NA,1832,0.1,NA,0.6,NA,NA,10.6,NA,0.6,NA,NA,NA,NA,1.6,NA,NA,NA,NA,NA,NA,NA,62.2,31.8,4,2.6,125.4,NA,NA,NA,NA,10.6,63,15.8,NA,NA,4.8,NA,20.6,0.6,NA,NA,NA,NA,NA,NA,NA,NA,NA,NA,NA,15,NA,0.4,NA,NA,NA,NA,NA,NA,NA,NA,NA,NA,NA,NA,NA,31.4,NA,NA,25.8,NA,NA,NA,2,NA,NA,NA,NA,NA,NA,NA,NA,NA,NA,NA,NA,NA,NA,NA,NA,NA,NA,NA,NA,NA,NA,NA,NA,NA,NA,NA,NA,NA,NA,156,150,183.5294118,176.4705882,61,68,21,71.76470588,80,24.70588235,3095.2,3020,3641.411765,3552.941176,78.4,2005.1,936.5,92.23529412,2358.941176,1101.764706,NA,NA,NA,NA,NA,NA,NA,NA,NA,NA,NA,
Helensburgh Seafront,23/07/2022,"LR, AR, NA",17:05,17:43,56.0033,-4.7381,Firth of Clyde,River Clyde,Mainland,SW,Windward,1,Coarse Sand,Calm,Low,onshore,Weak,Yes,Heavy,Autumn,100,Busy town,,Yes,easy,1,23/07/2022,25/02/2023,25/02/2023,,,,,,,0,0,0,3,0,4,0,0,8,0,0,18,0,1,8,0,0,0,1,3,0,0,0,0,1,1,0,0,2,14,7,0,0,5,0,0,0,0,0,0,0,0,0,0,0,0,0,0,11,52,1,6,21,0,0,0,0,0,0,0,0,0,0,1,2,0,0,0,0,0,1,0,0,0,0,0,1,0,0,0,4,0,0,0,2,0,0,0,0,0,0,0,0,0,0,0,1,0,3,0,3,0,0,0,0,0,0,0,6,27,0,0,0,2,0,4,2,0,2,0,0,0,0,0,0,0,0,0,0,0,3,NA,NA,NA,38.8,NA,15.2,NA,NA,157.2,NA,NA,33.2,NA,10.6,2.2,NA,NA,NA,1.4,5.8,NA,NA,NA,NA,2.6,0.8,NA,NA,1894.2,1,7.2,NA,NA,65.6,NA,NA,NA,NA,NA,NA,NA,NA,NA,NA,NA,NA,NA,NA,47.2,54.2,23,2.6,136.8,NA,NA,NA,NA,NA,NA,NA,NA,NA,NA,10.8,7.8,NA,NA,NA,NA,NA,25.6,NA,NA,NA,NA,NA,13.6,NA,NA,NA,49.2,NA,NA,NA,41.8,NA,NA,NA,NA,NA,NA,NA,NA,NA,NA,NA,13.6,NA,6.8,NA,2.6,NA,NA,NA,NA,NA,NA,NA,1144.6,617.6,NA,NA,NA,4.2,NA,24,2.2,NA,156.2,NA,NA,NA,NA,NA,NA,NA,NA,NA,NA,NA,143.4,231,180,231,180,115,13,52,115,13,52,4763.6,2704.8,4763.6,2704.8,604.6,50.6,2049.6,604.6,50.6,2049.6,NA,NA,NA,NA,NA,NA,NA,NA,NA,NA,NA,
Talisker Bay ,08/10/2022,"NA, VK",14:15,14:55,57.284,-6.4569,Little Minch,Skye,Island,SW,Windward,2,Pebble Lrg,Calm,Low,onshore,Weak,No,NA,Winter,10,This was a new 10 m stretch on the same stretch of beach. There was a larger pile of plastic at the side of the beach than previous visit. Local walkers were also picking up and contributing to this pile. ,,Yes,difficult,3,08/10/2022,11/02/2023,11/02/2013,08/10/2022,12/02/2023,12/02/2023,08/10/2022,13/02/2023,13/02/2023,0,1,0,0,0,0,4,1,5,0,0,75,0,0,6,0,0,0,0,3,0,0,0,0,6,228,19,0,0,2,0,0,0,1,1,0,0,0,0,2,2,0,0,0,0,0,0,0,9,7,1,32,104,2,0,0,38,18,60,41,33,8,27,0,11,3,0,0,0,0,0,1,0,0,1,0,0,0,0,0,0,0,0,0,0,0,0,0,0,0,0,0,0,0,0,0,0,0,0,0,0,0,0,0,0,0,0,0,0,0,0,0,0,2,0,0,0,0,0,0,0,0,0,0,0,0,0,0,0,0,0,NA,7,NA,NA,NA,NA,35.6,7.6,71.2,NA,NA,197.6,NA,NA,0.8,NA,NA,NA,NA,3.8,NA,NA,NA,NA,49.4,345.2,578,NA,NA,0.6,NA,NA,NA,4.4,2.4,NA,NA,NA,NA,29,7.2,NA,NA,NA,NA,NA,NA,NA,65.4,10.8,1.2,8.2,985.2,109,NA,NA,133.6,27.8,643.2,2066.8,143.2,249.8,1254.8,NA,382.8,1.2,NA,NA,NA,NA,NA,122.2,NA,NA,304.8,NA,NA,NA,NA,NA,NA,NA,NA,NA,NA,NA,NA,NA,NA,NA,NA,NA,NA,NA,NA,NA,NA,NA,NA,NA,NA,NA,NA,NA,NA,NA,NA,NA,NA,NA,NA,NA,NA,6,NA,NA,NA,NA,NA,NA,NA,NA,NA,NA,NA,NA,NA,NA,NA,NA,NA,754,749,7540,7490,138,452,159,1380,4520,1590,7855.8,7427.6,78558,74276,429.4,5438.4,1559.8,4294,54384,15598,NA,NA,NA,NA,NA,NA,NA,NA,NA,NA,NA,
Talisker Bay ,27/07/2022,"NA, MM, AH",14:45,15:30,57.284,-6.4569,Little Minch,Skye,Island,SW,Windward,2,Pebble Lrg,Medium,Low,onshore,Strong,No,NA,Autumn,12,"Covered in fishing litter, not possible to remove 100 m, wide beach ",,Yes,difficult,3,27/07/2022,22/02/2023,22/02/2023,27/07/2022,27/02/2023,27/02/2023,27/07/2022,28/02/2023,28/02/2023,0,3,0,0,0,0,1,1,1,2,0,66,0,0,0,0,0,0,0,3,0,0,2,0,0,142,27,0,3,2,2,0,0,1,0,1,0,0,0,0,0,0,0,0,0,0,2,0,10,11,3,57,135,1,0,0,28,13,144,16,13,0,24,0,3,6,0,0,0,0,0,0,0,0,1,0,0,0,0,0,0,0,0,0,0,0,0,0,0,0,0,1,0,0,0,0,0,0,0,0,0,0,0,0,0,0,0,0,0,0,0,0,0,3,0,0,0,0,3,0,0,0,2,0,0,0,0,0,0,0,0,NA,12.8,NA,NA,NA,NA,82.6,42,21.2,13.2,NA,155,NA,NA,NA,NA,NA,NA,NA,4.4,NA,NA,1.2,NA,NA,144.6,874.6,NA,86.6,1.2,2.6,NA,NA,0.8,NA,60,NA,NA,NA,NA,NA,NA,NA,NA,NA,NA,10.8,NA,62.8,6.8,11.2,35.2,1156,501,NA,37,69,45.6,1317.4,904.8,40,NA,285,NA,13.6,1,NA,NA,NA,NA,NA,NA,NA,NA,12.6,NA,NA,NA,NA,NA,NA,NA,NA,NA,NA,NA,NA,NA,NA,NA,NA,191.6,NA,NA,NA,NA,NA,NA,NA,NA,NA,NA,NA,NA,NA,NA,NA,NA,NA,NA,NA,NA,NA,11.2,NA,NA,NA,NA,25,NA,NA,NA,3.8,NA,NA,NA,NA,NA,NA,NA,NA,733,725,6108.333333,6041.666667,123,395,207,1025,3291.666667,1725,6244.2,6039,52035,50325,358.6,3788.8,1891.6,2988.333333,31573.33333,15763.33333,NA,NA,NA,NA,NA,NA,NA,NA,NA,NA,NA,
Ollach Bay,27/07/2022,"NA, MM, AH",09:00,09:35,57.338,-6.1095,Upper Minch,Skye,Island,NE,Leeward,2,Pebble Lrg,Calm,Low,offshore,Weak,No,NA,Autumn,100,Beach could possibly be cleaned by locals living along the back road ,,Yes,difficult,1,27/07/2022,22/02/2023,22/02/2023,,,,,,,0,0,0,0,0,0,0,0,0,0,0,8,0,0,0,0,0,0,0,0,0,0,0,0,2,25,6,0,2,0,0,0,0,1,0,0,0,0,0,0,0,1,0,0,0,0,0,0,0,3,0,9,22,0,0,0,3,3,11,0,6,0,4,0,4,5,0,0,0,0,0,0,0,0,0,0,0,0,0,0,0,0,0,0,0,0,0,0,0,0,0,0,0,0,0,0,0,0,1,0,0,0,0,0,0,0,1,0,0,0,0,0,0,0,0,0,0,0,1,0,1,0,0,0,0,0,0,0,0,0,0,NA,NA,NA,NA,NA,NA,NA,NA,NA,NA,NA,28.6,NA,NA,NA,NA,NA,NA,NA,NA,NA,NA,NA,NA,5.4,16.8,12.6,NA,1.4,NA,NA,NA,NA,2.2,NA,NA,NA,NA,NA,NA,NA,32.6,NA,NA,NA,NA,NA,NA,NA,4.4,NA,2.8,95,NA,NA,NA,10.2,7.2,108.4,NA,13.4,NA,117.2,NA,134.4,0.6,NA,NA,NA,NA,NA,NA,NA,NA,NA,NA,NA,NA,NA,NA,NA,NA,NA,NA,NA,NA,NA,NA,NA,NA,NA,NA,NA,NA,NA,NA,NA,NA,1.2,NA,NA,NA,NA,NA,NA,NA,5.4,NA,NA,NA,NA,NA,NA,NA,NA,NA,NA,NA,9,NA,7,NA,NA,NA,NA,NA,NA,NA,NA,NA,NA,119,112,119,112,17,58,37,17,58,37,615.8,608.6,615.8,608.6,61.4,313.6,233.6,61.4,313.6,233.6,NA,NA,NA,NA,NA,NA,NA,NA,NA,NA,NA,
Ollach Bay,10/10/2022,"NA, VK",18:00,18:35,57.338,-6.1095,Upper Minch,Skye,Island,NE,Leeward,2,Pebble Lrg,Calm,Low,offshore,Weak,No,NA,Winter,100,,,Yes,difficult,1,10/10/2022,16/02/2023,16/02/2023,,,,,,,0,0,0,0,0,0,0,0,1,0,0,4,0,0,0,0,0,0,0,0,0,0,1,0,0,13,4,0,0,0,0,0,0,0,0,0,0,0,0,0,0,0,0,0,0,0,0,0,1,7,0,3,11,0,0,0,0,3,5,4,1,0,1,1,1,0,0,0,0,0,0,0,0,0,0,0,0,0,0,0,0,0,0,0,0,0,0,0,0,0,0,0,0,0,0,0,0,0,0,0,0,0,0,0,0,0,0,0,0,0,0,0,0,0,0,0,0,0,0,0,1,0,0,0,0,0,0,0,0,0,0,NA,NA,NA,NA,NA,NA,NA,NA,22.2,NA,NA,5.6,NA,NA,NA,NA,NA,NA,NA,NA,NA,NA,1.2,NA,NA,14.2,14.4,NA,NA,NA,NA,NA,NA,NA,NA,NA,NA,NA,NA,NA,NA,NA,NA,NA,NA,NA,NA,NA,1.2,4.4,NA,0.4,46.8,NA,NA,NA,NA,3.6,22,118,1,NA,6,99.8,41,NA,NA,NA,NA,NA,NA,NA,NA,NA,NA,NA,NA,NA,NA,NA,NA,NA,NA,NA,NA,NA,NA,NA,NA,NA,NA,NA,NA,NA,NA,NA,NA,NA,NA,NA,NA,NA,NA,NA,NA,NA,NA,NA,NA,NA,NA,NA,NA,NA,NA,NA,NA,NA,NA,NA,6.8,NA,NA,NA,NA,NA,NA,NA,NA,NA,NA,62,62,62,62,14,33,15,14,33,15,408.6,408.6,408.6,408.6,138.8,181.6,88.2,138.8,181.6,88.2,NA,NA,NA,NA,NA,NA,NA,NA,NA,NA,NA,
Miodar,11/09/2022,"NA, VK",09:35,09:45,56.55,-6.7593,North Channel,Tiree,Island,SW,Windward,2,Coarse Sand,Calm,Low,offshore,Medium,No,NA,Autumn,42,"Pic taken of items on the beach, beach length was 42 m of sand areas separated by rock. On neighbouring beach, 1 x fully intact creel pot, and 2 x piles of broken creel pot and ropes. ","1 x plastic lid, 1 x bag ends, 2 x unidentifyable, 10 x sml rope (2 x fishing net piece > 50 cm, 6 x fishing net < 50 cm, 2 x tangled rope) 1 x lid ring, 1 x thin fishing line (pic took of rope)",Yes,medium,NA,11/09/2022,08/12/2022,NA,,,,,,,0,1,0,0,0,0,0,0,0,0,0,2,0,0,0,0,0,0,0,0,0,0,0,0,1,6,2,0,0,0,0,0,0,0,0,0,0,0,0,0,0,0,0,0,0,0,0,0,0,0,0,0,0,0,0,0,0,0,0,0,0,0,2,0,2,0,0,0,0,0,0,0,0,0,0,0,0,0,0,0,0,0,0,0,0,0,0,0,0,0,0,0,0,0,0,0,0,0,0,0,0,0,0,0,0,0,0,0,0,0,0,0,0,0,0,0,0,0,0,0,0,0,0,0,0,0,0,0,0,0,0,NA,NA,NA,NA,NA,NA,NA,NA,NA,NA,NA,NA,NA,NA,NA,NA,NA,NA,NA,NA,NA,NA,NA,NA,NA,NA,NA,NA,NA,NA,NA,NA,NA,NA,NA,NA,NA,NA,NA,NA,NA,NA,NA,NA,NA,NA,NA,NA,NA,NA,NA,NA,NA,NA,NA,NA,NA,NA,NA,NA,NA,NA,NA,NA,NA,NA,NA,NA,NA,NA,NA,NA,NA,NA,NA,NA,NA,NA,NA,NA,NA,NA,NA,NA,NA,NA,NA,NA,NA,NA,NA,NA,NA,NA,NA,NA,NA,NA,NA,NA,NA,NA,NA,NA,NA,NA,NA,NA,NA,NA,NA,NA,NA,NA,NA,NA,NA,NA,NA,NA,NA,NA,NA,NA,NA,NA,NA,NA,NA,NA,NA,16,16,38.0952381,38.0952381,2,11,3,4.761904762,26.19047619,7.142857143,NA,NA,NA,NA,NA,NA,NA,NA,NA,NA,NA,NA,NA,NA,NA,NA,NA,NA,NA,NA,NA,
Miodar,13/11/2022,"NA, VK",12:00,12:15,56.55,-6.7593,North Channel,Tiree,Island,SW,Windward,2,Coarse Sand,Strong,Low,onshroe,Strong,No,NA,Winter,39,Large rocks that were trapping the plastic items.  ,,Yes,medium,1,13/11/2022,06/02/2023,06/02/2023,,,,,,,0,0,0,0,0,0,0,0,1,1,0,5,0,0,0,0,0,0,0,0,0,0,0,0,0,5,2,0,0,0,1,0,0,0,0,0,0,0,0,0,0,0,0,0,0,0,0,0,0,0,0,0,2,0,0,0,2,1,0,0,2,0,2,0,1,0,0,0,0,0,0,0,0,0,0,0,0,0,0,0,0,0,0,0,0,0,0,0,0,0,0,0,0,0,0,0,0,0,0,0,0,1,0,0,0,0,0,0,0,0,0,0,0,0,0,0,0,0,0,0,0,0,0,0,0,0,0,0,0,0,0,NA,NA,NA,NA,NA,NA,NA,NA,44.2,18.4,NA,17.4,NA,NA,NA,NA,NA,NA,NA,NA,NA,NA,NA,NA,NA,14.8,4.2,NA,NA,NA,11,NA,NA,NA,NA,NA,NA,NA,NA,NA,NA,849.8,NA,NA,NA,NA,NA,NA,NA,NA,NA,NA,5.2,NA,NA,NA,5,0.2,NA,NA,1,NA,42.8,NA,17.4,NA,NA,NA,NA,NA,NA,NA,NA,NA,NA,NA,NA,NA,NA,NA,NA,NA,NA,NA,NA,NA,NA,NA,NA,NA,NA,NA,NA,NA,NA,NA,NA,NA,NA,NA,NA,NA,NA,NA,NA,NA,NA,NA,NA,NA,NA,NA,NA,NA,NA,NA,NA,NA,NA,NA,NA,NA,NA,NA,NA,NA,NA,NA,NA,NA,NA,26,25,66.66666667,64.1025641,9,12,4,23.07692308,30.76923077,10.25641026,1031.4,1031.4,2644.615385,2644.615385,85,912.8,33.6,217.9487179,2340.512821,86.15384615,1,NA,NA,NA,NA,NA,NA,NA,NA,NA,NA,creel pot stuck between large rocks 
Gott Bay,11/09/2022,"NA, VK",08:40,08:50,56.5275,-6.7837,North Channel,Tiree,Island,SW,Windward,2,Soft Sand,Calm,Low,onshore,Weak,No,NA,Autumn,100,Pictures took of items found on the beach. ,1 x sml rope buried ,Yes,easy,NA,11/09/2022,08/12/2022,NA,,,,,,,0,0,0,0,0,0,0,0,0,0,0,2,0,0,0,0,0,0,0,0,0,0,0,0,0,9,1,0,0,0,0,0,0,0,0,0,0,0,0,0,0,0,0,0,0,0,0,0,0,1,0,0,3,0,0,0,2,0,0,0,0,0,6,0,1,0,0,0,0,0,0,0,0,0,0,0,0,0,0,0,0,0,0,0,0,0,0,0,0,0,0,0,0,0,0,0,0,0,0,0,0,0,0,0,0,0,0,0,0,0,0,0,0,0,0,0,0,0,0,0,0,0,0,0,0,0,0,0,0,0,0,NA,NA,NA,NA,NA,NA,NA,NA,NA,NA,NA,NA,NA,NA,NA,NA,NA,NA,NA,NA,NA,NA,NA,NA,NA,NA,NA,NA,NA,NA,NA,NA,NA,NA,NA,NA,NA,NA,NA,NA,NA,NA,NA,NA,NA,NA,NA,NA,NA,NA,NA,NA,NA,NA,NA,NA,NA,NA,NA,NA,NA,NA,NA,NA,NA,NA,NA,NA,NA,NA,NA,NA,NA,NA,NA,NA,NA,NA,NA,NA,NA,NA,NA,NA,NA,NA,NA,NA,NA,NA,NA,NA,NA,NA,NA,NA,NA,NA,NA,NA,NA,NA,NA,NA,NA,NA,NA,NA,NA,NA,NA,NA,NA,NA,NA,NA,NA,NA,NA,NA,NA,NA,NA,NA,NA,NA,NA,NA,NA,NA,NA,25,25,25,25,5,16,4,5,16,4,NA,NA,NA,NA,NA,NA,NA,NA,NA,NA,NA,NA,NA,1,NA,NA,NA,NA,NA,NA,NA,
Gott Bay,13/11/2022,"NA, VK",12:20,12:45,56.5275,-6.7837,North Channel,Tiree,Island,SW,Windward,2,Soft Sand,Strong,Low,onshore,Strong,No,NA,Winter,100,"Very strong onshore wind, pile of plastic at the side of beach this time in a wheelbarrow - someone is collecting and cant get rid. ",,Yes,easy,1,13/11/2022,04/02/2023,04/02/2023,,,,,,,0,0,0,0,0,1,1,0,3,0,0,13,0,0,0,0,0,0,0,0,0,0,0,0,1,67,8,0,1,2,1,0,0,3,0,0,0,0,0,0,0,0,0,0,0,0,0,0,18,28,0,11,9,0,0,0,0,6,37,11,0,0,8,0,2,2,0,0,0,0,0,0,0,0,0,0,0,0,0,0,0,0,0,0,0,0,0,0,0,0,0,0,0,0,0,0,0,0,0,0,0,0,0,0,0,0,0,0,0,0,0,0,0,0,0,0,0,0,0,0,0,0,0,0,0,0,0,0,0,0,0,NA,NA,NA,NA,NA,3.8,13,NA,138.8,NA,NA,21.2,NA,NA,NA,NA,NA,NA,NA,NA,NA,NA,NA,NA,0.6,58.2,27.2,NA,6,0.1,8.6,NA,NA,66,NA,NA,NA,NA,NA,NA,NA,NA,NA,NA,NA,NA,NA,NA,103.8,24.4,NA,1,28,NA,NA,NA,NA,10,47.4,437.2,NA,NA,29.2,NA,151.2,1.4,NA,NA,NA,NA,NA,NA,NA,NA,NA,NA,NA,NA,NA,NA,NA,NA,NA,NA,NA,NA,NA,NA,NA,NA,NA,NA,NA,NA,NA,NA,NA,NA,NA,NA,NA,NA,NA,NA,NA,NA,NA,NA,NA,NA,NA,NA,NA,NA,NA,NA,NA,NA,NA,NA,NA,NA,NA,NA,NA,NA,NA,NA,NA,NA,NA,233,231,233,231,48,156,27,48,156,27,1177.1,1175.7,1177.1,1175.7,254.2,713.6,207.9,254.2,713.6,207.9,NA,NA,NA,NA,NA,NA,NA,NA,NA,NA,NA,"buried rope from previous survey not visible, but large pile of plastics in a wheelbarrow at the entrance to the beach"
Crossapol,10/09/2022,"NA, VK",12:15,12:45,56.4921,-6.8582,North Channel,Tiree,Island,SW,Windward,2,Soft Sand,Calm,Low,onshore,Weak,No,NA,Autumn,100,"Low count of plastics - plastic not removed, picture of items taken, plastics mostly found along high tide line/ Easily accessible beach. ","Outside of 100 m transect, on rocks at the side of the beach, 1 x creel pot (GPS 56.485646, -6.878755).  Field record: 1 x drinks bottle, 3 x bottle lids, 2 x shotgun cartridge, 1 x food packet, 1 x shoe, 4 x fragmentSml, 1 x ceramic piece, 1 x toy (plastic star), 1 x fragmentMed, 3 x other, 12 x fish netSml, 1 x fish netLrg, 3 tangled rope",Yes,easy,NA,10/09/2022,08/12/2022,NA,,,,,,,0,0,0,0,0,0,0,0,1,0,0,3,0,0,0,0,0,0,0,0,0,0,0,0,0,12,1,0,0,0,0,0,0,0,0,0,0,0,0,0,0,0,0,0,0,0,0,0,0,1,0,4,1,0,0,1,2,0,0,0,0,0,3,1,3,0,0,0,0,0,0,0,0,0,0,0,0,0,0,0,0,0,0,0,0,0,0,0,0,0,0,0,0,0,0,0,0,0,0,0,0,0,0,0,0,0,0,0,0,0,0,0,0,0,0,0,0,0,0,0,0,0,0,0,0,0,0,0,0,0,1,NA,NA,NA,NA,NA,NA,NA,NA,NA,NA,NA,NA,NA,NA,NA,NA,NA,NA,NA,NA,NA,NA,NA,NA,NA,NA,NA,NA,NA,NA,NA,NA,NA,NA,NA,NA,NA,NA,NA,NA,NA,NA,NA,NA,NA,NA,NA,NA,NA,NA,NA,NA,NA,NA,NA,NA,NA,NA,NA,NA,NA,NA,NA,NA,NA,NA,NA,NA,NA,NA,NA,NA,NA,NA,NA,NA,NA,NA,NA,NA,NA,NA,NA,NA,NA,NA,NA,NA,NA,NA,NA,NA,NA,NA,NA,NA,NA,NA,NA,NA,NA,NA,NA,NA,NA,NA,NA,NA,NA,NA,NA,NA,NA,NA,NA,NA,NA,NA,NA,NA,NA,NA,NA,NA,NA,NA,NA,NA,NA,NA,NA,34,33,34,33,9,16,8,9,16,8,NA,NA,NA,NA,NA,NA,NA,NA,NA,NA,NA,NA,NA,NA,NA,NA,NA,NA,NA,NA,NA,
Crossapol,12/11/2022,"NA, VK",11:40,12:00,56.4921,-6.8582,North Channel,Tiree,Island,SW,Windward,2,Soft Sand,Medium,Low,onshore,Strong,No,NA,Winter,100,Few items on the beach but large rope found buried in the dunes. ,,Yes,easy,1,12/11/2022,06/02/2023,06/02/2023,,,,,,,0,0,0,2,0,0,0,1,2,1,0,6,0,0,0,0,0,0,0,0,0,0,0,0,0,17,0,0,0,0,0,0,0,1,0,0,0,0,0,0,0,0,0,0,0,0,0,0,0,5,0,24,14,0,0,0,0,2,5,1,4,0,0,0,0,0,0,0,0,0,0,0,0,0,0,0,0,0,0,0,0,0,0,0,0,0,0,0,0,0,0,0,0,0,0,0,0,0,0,0,0,0,0,0,0,0,0,0,0,0,0,0,0,0,0,0,0,0,0,0,0,0,0,0,0,0,0,0,0,0,0,NA,NA,NA,28.4,NA,NA,NA,67.2,54.6,4,NA,11.4,NA,NA,NA,NA,NA,NA,NA,NA,NA,NA,NA,NA,NA,12.8,NA,NA,NA,NA,NA,NA,NA,5.6,NA,NA,NA,NA,NA,NA,NA,NA,NA,NA,NA,NA,NA,NA,NA,1.8,NA,5.8,60.8,NA,NA,NA,NA,0.8,5.8,32,1.4,NA,NA,NA,NA,NA,NA,NA,NA,NA,NA,NA,NA,NA,NA,NA,NA,NA,NA,NA,NA,NA,NA,NA,NA,NA,NA,NA,NA,NA,NA,NA,NA,NA,NA,NA,NA,NA,NA,NA,NA,NA,NA,NA,NA,NA,NA,NA,NA,NA,NA,NA,NA,NA,NA,NA,NA,NA,NA,NA,NA,NA,NA,NA,NA,NA,NA,NA,NA,NA,NA,85,85,85,85,17,30,38,17,30,38,292.4,292.4,292.4,292.4,105.8,120,66.6,105.8,120,66.6,NA,NA,NA,1,NA,NA,NA,NA,NA,NA,NA,1 large fishing rope in the sand dune - didn’t notice this on previous survey 
Caolas,11/09/2022,"NA, VK",09:15,09:25,56.5442,-6.7425,North Channel,Tiree,Island,NE,Leeward,2,Soft Sand,Calm,Low,offshore,Weak,No,NA,Autumn,100,"No pictures taken of items, apart from lids. Items written in notebook. Houses, rental properties neaby. Field record: 1 x food wrap, 1 x strapping, 2 x lid, 2 x sml rope green <50 cm, 1 x creel pot 55cm x 40 cm, 2 x buried creel pot, 1 x large rope buried on strandline.  ","1 x food wrap, 1 x strapping, 2 x lid, 2 x sml rope green <50 cm, 1 x creel pot 55cm x 40 cm, 2 x buried creel pot, 1 x large rope buried on strandline.",Yes,easy,NA,11/09/2022,08/12/2022,NA,,,,,,,0,0,0,0,0,0,0,0,0,0,0,0,0,0,0,0,0,0,0,0,0,0,0,0,0,2,0,0,0,0,0,0,0,0,0,0,0,0,0,0,0,0,0,0,0,0,0,0,0,1,0,0,0,0,0,0,2,1,0,0,0,0,0,0,0,0,0,0,0,0,0,0,0,0,0,0,0,0,0,0,0,0,0,0,0,0,0,0,0,0,0,0,0,0,0,0,0,0,0,0,0,0,0,0,0,0,0,0,0,0,0,0,0,0,0,0,0,0,0,0,0,0,0,0,0,0,0,0,0,0,0,NA,NA,NA,NA,NA,NA,NA,NA,NA,NA,NA,NA,NA,NA,NA,NA,NA,NA,NA,NA,NA,NA,NA,NA,NA,NA,NA,NA,NA,NA,NA,NA,NA,NA,NA,NA,NA,NA,NA,NA,NA,NA,NA,NA,NA,NA,NA,NA,NA,NA,NA,NA,NA,NA,NA,NA,NA,NA,NA,NA,NA,NA,NA,NA,NA,NA,NA,NA,NA,NA,NA,NA,NA,NA,NA,NA,NA,NA,NA,NA,NA,NA,NA,NA,NA,NA,NA,NA,NA,NA,NA,NA,NA,NA,NA,NA,NA,NA,NA,NA,NA,NA,NA,NA,NA,NA,NA,NA,NA,NA,NA,NA,NA,NA,NA,NA,NA,NA,NA,NA,NA,NA,NA,NA,NA,NA,NA,NA,NA,NA,NA,6,6,6,6,3,3,0,3,3,0,NA,NA,NA,NA,NA,NA,NA,NA,NA,NA,1,2,NA,1,NA,NA,NA,NA,NA,NA,NA,
Caolas,13/11/2022,"NA, VK",11:00,11:25,56.5442,-6.7425,North Channel,Tiree,Island,NE,Leeward,2,Soft Sand,Strong,Low,onshore,Strong,No,NA,Winter,100,hardly any items on the beach and buried items from previous survey still visible. ,,Yes,easy,1,13/11/2022,15/02/2023,15/02/2023,,,,,,,0,0,0,0,0,0,0,0,0,0,0,0,0,0,0,0,0,0,0,0,0,0,0,0,0,1,0,0,0,0,0,0,0,0,0,0,0,0,0,0,0,0,0,0,0,0,0,0,2,0,0,0,0,0,0,0,0,0,0,0,0,0,0,0,0,0,0,0,0,0,0,0,0,0,0,0,0,0,0,0,0,0,0,0,0,0,0,0,0,0,0,0,0,0,0,0,0,0,0,0,0,0,0,0,0,0,0,0,0,0,0,0,0,0,0,0,0,0,0,0,0,0,0,0,0,0,0,0,0,0,0,NA,NA,NA,NA,NA,NA,NA,NA,NA,NA,NA,NA,NA,NA,NA,NA,NA,NA,NA,NA,NA,NA,NA,NA,NA,1.6,NA,NA,NA,NA,NA,NA,NA,NA,NA,NA,NA,NA,NA,NA,NA,NA,NA,NA,NA,NA,NA,NA,121.4,NA,NA,NA,NA,NA,NA,NA,NA,NA,NA,NA,NA,NA,NA,NA,NA,NA,NA,NA,NA,NA,NA,NA,NA,NA,NA,NA,NA,NA,NA,NA,NA,NA,NA,NA,NA,NA,NA,NA,NA,NA,NA,NA,NA,NA,NA,NA,NA,NA,NA,NA,NA,NA,NA,NA,NA,NA,NA,NA,NA,NA,NA,NA,NA,NA,NA,NA,NA,NA,NA,NA,NA,NA,NA,NA,NA,NA,NA,NA,NA,NA,NA,3,3,3,3,0,3,0,0,3,0,123,123,123,123,0,123,0,0,123,0,1,1,NA,NA,NA,NA,NA,NA,NA,1,NA,creel pots from previous survey still there - 1 buried creel pot not visible and rope but new bucket (visible creel pot 55 x 40 cm)
Barrapoll,10/09/2022,"NA, VK",14:35,NA,56.4826,-6.9774,North Channel,Tiree,Island,SW,Windward,2,Pebble Sml,Calm,Low,onshore,Weak,No,NA,Autumn,66,"Plastic collected in small tote bag, 1 x dead Guillimot, Plastic visible on sand areas or strandline, section at the side with some accumulation and a large wooden pallet. Accumulation collected from the side. ",,Yes,medium,1,10/09/2022,13/02/2023,13/02/2023,,,,,,,0,0,0,0,0,0,0,1,1,0,0,11,0,0,0,0,0,0,0,2,0,0,0,0,0,50,0,0,0,5,1,0,0,2,0,0,0,0,0,0,1,0,0,0,0,0,0,0,3,5,0,30,22,0,0,0,0,0,14,3,6,0,4,0,0,1,0,0,0,0,0,0,0,0,0,0,0,0,0,0,0,0,0,0,0,0,0,0,0,0,0,1,0,0,0,0,0,0,0,0,0,0,0,0,0,0,0,0,0,0,0,0,0,0,0,0,0,0,0,0,0,0,0,0,0,0,0,0,0,0,0,NA,NA,NA,NA,NA,NA,NA,1.6,10.4,NA,NA,22.4,NA,NA,NA,NA,NA,NA,NA,1,NA,NA,NA,NA,NA,34,NA,NA,NA,1,1.6,NA,NA,9.2,NA,NA,NA,NA,NA,NA,2.6,NA,NA,NA,NA,NA,NA,NA,27,1.4,NA,7.4,97.2,NA,NA,NA,NA,NA,48,75.6,2,NA,19.2,NA,NA,0.6,NA,NA,NA,NA,NA,NA,NA,NA,NA,NA,NA,NA,NA,NA,NA,NA,NA,NA,NA,NA,NA,NA,NA,NA,NA,1.8,NA,NA,NA,NA,NA,NA,NA,NA,NA,NA,NA,NA,NA,NA,NA,NA,NA,NA,NA,NA,NA,NA,NA,NA,NA,NA,NA,NA,NA,NA,NA,NA,NA,NA,NA,NA,NA,NA,NA,163,161,246.969697,243.9393939,21,82,58,31.81818182,124.2424242,87.87878788,364,361.6,551.5151515,547.8787879,44.4,210,107.2,67.27272727,318.1818182,162.4242424,NA,NA,NA,NA,NA,NA,NA,NA,NA,1,NA,wooden pallet at the side of the beach (pallet has fishing rope wrapped round it). 
Barrapoll,12/11/2022,"NA, VK",14:35,15:30,56.4826,-6.9774,North Channel,Tiree,Island,SW,Windward,2,Pebble Sml,Medium,Low,offshore,Strong,No,NA,Winter,57,"large wooden pallet still there, and accumulation has built up again. Note from friends on tiree, that north of this beach 'the maze' large ropes were found and removed ~may 2023. ",,Yes,medium,1,12/11/2022,05/02/2023,05/02/2023,,,,,,,0,1,0,0,0,0,1,0,2,0,0,31,0,1,0,0,0,0,0,2,0,0,2,0,1,161,9,0,1,2,1,0,0,1,0,0,0,1,0,0,0,0,3,0,0,0,0,0,2,30,0,114,74,0,0,0,10,6,41,7,0,0,18,0,13,2,0,0,0,0,0,0,0,0,0,0,0,0,0,0,0,0,0,0,0,0,0,0,0,0,0,0,0,0,0,0,0,0,0,0,0,0,0,0,0,0,0,0,0,0,0,0,0,0,0,0,0,0,0,0,0,0,0,0,0,0,0,0,0,0,0,NA,6.8,NA,NA,NA,NA,59.8,NA,54.8,NA,NA,44.4,NA,15,NA,NA,NA,NA,NA,3.8,NA,NA,3,NA,0.4,113.6,43.8,NA,2.2,1.2,3.6,NA,NA,5.4,NA,NA,NA,171.4,NA,NA,NA,NA,0.1,NA,NA,NA,NA,NA,8,8.4,NA,42.2,275.8,NA,NA,NA,35.8,5.8,82.4,68.4,NA,NA,313.4,NA,217,0.8,NA,NA,NA,NA,NA,NA,NA,NA,NA,NA,NA,NA,NA,NA,NA,NA,NA,NA,NA,NA,NA,NA,NA,NA,NA,NA,NA,NA,NA,NA,NA,NA,NA,NA,NA,NA,NA,NA,NA,NA,NA,NA,NA,NA,NA,NA,NA,NA,NA,NA,NA,NA,NA,NA,NA,NA,NA,NA,NA,NA,NA,NA,NA,NA,NA,537,535,942.1052632,938.5964912,77,248,210,135.0877193,435.0877193,368.4210526,1587.3,1586.5,2784.736842,2783.333333,167.6,810.2,608.7,294.0350877,1421.403509,1067.894737,1,NA,NA,NA,NA,NA,NA,NA,NA,1,NA,"wooden pallet still there (fishing rope still wrapped round it), and 1 creel pot now in the same location "
Balephuil,10/09/2022,"NA, VK",15:25,NA,56.4776,-6.9771,North Channel,Tiree,Island,SW,Windward,2,Pebble Sml,Calm,Low,onshore,Weak,No,NA,Autumn,75,"Pic of items collected took, medium pebble beaches fromBalephuil until the maze, separated by rocks which there was no visible plastic. South of Balephuil coastline is all cliffs.  ",1 fishing rope (blue and fraying) buried and unable to be removed ,Yes,medium,NA,10/09/2022,08/12/2022,NA,,,,,,,0,0,0,0,0,0,0,0,0,0,0,3,0,1,0,0,0,0,0,0,0,0,0,0,1,5,0,0,0,0,0,0,0,0,0,0,0,0,0,2,0,0,0,0,0,0,0,0,0,0,0,0,1,0,0,0,1,0,0,1,0,0,7,0,0,0,0,0,0,0,0,0,0,0,0,0,0,0,0,0,0,0,0,0,0,0,0,0,0,0,0,0,0,0,0,0,1,0,1,0,0,0,0,0,0,0,0,0,0,0,0,0,0,1,0,0,0,0,0,0,0,0,0,0,0,0,0,0,0,0,0,NA,NA,NA,NA,NA,NA,NA,NA,NA,NA,NA,NA,NA,NA,NA,NA,NA,NA,NA,NA,NA,NA,NA,NA,NA,NA,NA,NA,NA,NA,NA,NA,NA,NA,NA,NA,NA,NA,NA,NA,NA,NA,NA,NA,NA,NA,NA,NA,NA,NA,NA,NA,NA,NA,NA,NA,NA,NA,NA,NA,NA,NA,NA,NA,NA,NA,NA,NA,NA,NA,NA,NA,NA,NA,NA,NA,NA,NA,NA,NA,NA,NA,NA,NA,NA,NA,NA,NA,NA,NA,NA,NA,NA,NA,NA,NA,NA,NA,NA,NA,NA,NA,NA,NA,NA,NA,NA,NA,NA,NA,NA,NA,NA,NA,NA,NA,NA,NA,NA,NA,NA,NA,NA,NA,NA,NA,NA,NA,NA,NA,NA,25,23,33.33333333,30.66666667,6,14,3,8,18.66666667,4,NA,NA,NA,NA,NA,NA,NA,NA,NA,NA,NA,NA,NA,1,NA,NA,NA,NA,NA,NA,NA,"little bit of dolly rope sticking out from the sand, frayed but not able to be removed - no idea how deep "
Balephuil,12/11/2022,"NA, VK",15:37,16:05,56.4776,-6.9771,North Channel,Tiree,Island,SW,Windward,2,Pebble Sml,Medium,Low,offshore,Strong,No,NA,Winter,71,,,Yes,medium,1,12/11/2022,31/01/2023,31/01/2023,,,,,,,0,0,0,0,0,0,0,1,1,0,0,8,0,0,0,0,0,1,0,0,0,0,1,0,0,39,0,0,1,0,1,0,0,0,0,1,0,1,0,1,1,0,0,0,0,0,0,0,0,4,0,0,23,0,0,0,7,0,27,15,0,0,3,0,4,0,0,0,0,1,0,0,0,0,0,0,0,0,0,0,0,0,0,0,0,0,0,0,0,0,0,0,0,0,0,0,0,0,0,0,0,0,0,0,0,0,0,0,0,0,0,1,0,2,0,0,0,0,0,0,0,0,0,0,0,0,0,0,0,0,0,NA,NA,NA,NA,NA,NA,NA,52.8,21.6,NA,NA,15.8,NA,NA,NA,NA,NA,16.6,NA,NA,NA,NA,15.8,NA,NA,40.4,NA,NA,157.2,NA,9,NA,NA,NA,NA,90.6,NA,59,NA,9.2,4.2,NA,NA,NA,NA,NA,NA,NA,NA,4.4,NA,NA,417.4,NA,NA,NA,27.4,NA,48.6,351.6,NA,NA,63,NA,59,NA,NA,NA,NA,12.6,NA,NA,NA,NA,NA,NA,NA,NA,NA,NA,NA,NA,NA,NA,NA,NA,NA,NA,NA,NA,NA,NA,NA,NA,NA,NA,NA,NA,NA,NA,NA,NA,NA,NA,NA,NA,NA,NA,NA,NA,NA,31.8,NA,2.2,NA,NA,NA,NA,NA,NA,NA,NA,NA,NA,NA,NA,NA,NA,NA,NA,NA,144,142,202.8169014,200,23,89,30,32.3943662,125.3521127,42.25352113,1510.2,1465.8,2127.042254,2064.507042,88,726,651.8,123.943662,1022.535211,918.028169,NA,NA,NA,1,NA,NA,NA,NA,NA,NA,NA,same as last survey 
Balephetrish Bay,10/09/2022,"NA, VK",17:15,NA,56.5184,-6.8842,North Channel,Tiree,Island,NE,Leeward,2,Soft Sand,Calm,Low,offshore,Weak,No,NA,Autumn,100,"Pictures of items on beach took + recorded in field book. This is not clear.  Mostly large items that are non-removable, but these are either buried or entangled so hard to count. ",,Yes,easy,NA,10/09/2022,13/02/2023,NA,,,,,,,0,0,0,0,0,0,0,0,0,0,0,1,0,0,0,0,0,0,0,0,0,0,0,0,1,1,0,0,0,0,1,0,0,0,0,0,0,0,0,0,0,0,0,0,0,1,0,0,1,0,0,0,0,0,0,0,1,0,0,0,0,0,2,0,1,0,0,0,0,0,0,0,0,0,0,0,0,0,0,0,0,0,0,0,0,0,0,0,0,0,0,0,1,0,0,0,1,0,0,0,0,0,0,0,0,0,0,0,0,0,0,0,0,0,0,0,0,0,0,0,0,0,0,0,0,0,0,0,0,0,0,NA,NA,NA,NA,NA,NA,NA,NA,NA,NA,NA,NA,NA,NA,NA,NA,NA,NA,NA,NA,NA,NA,NA,NA,NA,NA,NA,NA,NA,NA,NA,NA,NA,NA,NA,NA,NA,NA,NA,NA,NA,NA,NA,NA,NA,NA,NA,NA,NA,NA,NA,NA,NA,NA,NA,NA,NA,NA,NA,NA,NA,NA,NA,NA,NA,NA,NA,NA,NA,NA,NA,NA,NA,NA,NA,NA,NA,NA,NA,NA,NA,NA,NA,NA,NA,NA,NA,NA,NA,NA,NA,NA,NA,NA,NA,NA,NA,NA,NA,NA,NA,NA,NA,NA,NA,NA,NA,NA,NA,NA,NA,NA,NA,NA,NA,NA,NA,NA,NA,NA,NA,NA,NA,NA,NA,NA,NA,NA,NA,NA,NA,12,10,12,10,2,6,2,2,6,2,NA,NA,NA,NA,NA,NA,NA,NA,NA,NA,2,1,2,1,NA,NA,1,NA,1,NA,1,
Balephetrish Bay,12/11/2022,"NA, VK",16:30,16:50,56.5184,-6.8842,North Channel,Tiree,Island,NE,Leeward,2,Soft Sand,Medium,Low,offshore,Strong,No,NA,Winter,100,"Large ropes piled up at the back of the beach, and creel pots - this was here last time, and since then has been piled up ",,Yes,easy,1,12/11/2022,13/02/2023,13/02/2023,,,,,,,0,0,0,0,0,0,1,0,2,0,0,2,0,0,0,0,0,0,0,0,0,0,0,0,0,4,0,0,1,0,1,0,0,1,0,0,0,0,0,0,0,0,0,0,0,0,0,0,0,3,0,3,15,1,0,0,2,1,1,1,0,0,1,1,2,0,0,0,0,0,0,0,0,0,0,0,0,0,0,0,0,0,0,0,0,0,0,0,0,0,0,0,0,0,0,0,0,0,0,0,0,0,0,0,0,0,0,0,0,0,0,0,0,0,0,0,0,0,0,0,0,0,0,0,0,0,0,0,0,0,0,NA,NA,NA,NA,NA,NA,52.6,NA,11.2,NA,NA,5.4,NA,NA,NA,NA,NA,NA,NA,NA,NA,NA,NA,NA,NA,12,NA,NA,20.2,NA,10.2,NA,NA,3,NA,NA,NA,NA,NA,NA,NA,NA,NA,NA,NA,NA,NA,NA,NA,5.8,NA,1,49.8,287,NA,NA,8.6,7.4,25.4,398.8,NA,NA,1935.6,75.6,80.4,NA,NA,NA,NA,NA,NA,NA,NA,NA,NA,NA,NA,NA,NA,NA,NA,NA,NA,NA,NA,NA,NA,NA,NA,NA,NA,NA,NA,NA,NA,NA,NA,NA,NA,NA,NA,NA,NA,NA,NA,NA,NA,NA,NA,NA,NA,NA,NA,NA,NA,NA,NA,NA,NA,NA,NA,NA,NA,NA,NA,NA,NA,NA,NA,NA,NA,43,43,43,43,11,8,24,11,8,24,2990,2990,2990,2990,109.6,2379.2,501.2,109.6,2379.2,501.2,2,1,2,1,NA,NA,1,NA,1,NA,1,same items here as last beach clean but a lot of the large items had been piled up at the entrance to the beach on the vegetation
